,date,PM25,SO2,PM10,O3,CO,NO2
0,2021-04-30,74,7,37,15,12,15
1,2021-04-29,54,7,28,16,12,15
2,2021-04-28,44,8,34,16,11,15
3,2021-04-27,53,8,43,16,11,16
4,2021-04-26,66,8,41,9,14,16
5,2021-04-25,63,8,44,22,10,16
6,2021-04-24,70,7,31,20,9,16
7,2021-04-23,44,8,32,18,10,15
8,2021-04-22,44,8,30,10,7,15
9,2021-04-21,46,8,43,9,9,14
10,2021-04-20,77,8,44,13,10,15
11,2021-04-19,78,8,28,16,5,14
12,2021-04-18,37,8,23,18,7,15
13,2021-04-17,33,8,24,18,7,14
14,2021-04-16,33,8,24,21,8,14
15,2021-04-15,35,8,26,21,8,14
16,2021-04-14,36,7,20,18,6,14
17,2021-04-13,33,9,35,9,9,15
18,2021-04-12,57,8,27,16,8,15
19,2021-04-11,41,8,21,22,5,14
20,2021-04-10,28,7,22,24,4,13
21,2021-04-09,29,8,24,25,6,14
22,2021-04-08,31,8,23,24,6,14
23,2021-04-07,32,8,27,24,5,14
24,2021-04-06,39,8,32,26,9,15
25,2021-04-05,54,8,27,22,9,16
26,2021-04-04,48,10,22,10,9,16
27,2021-04-03,32,9,22,16,6,15
28,2021-04-02,36,9,15,38,5,16
29,2021-04-01,19,-,-,-,-,-
30,2021-03-31,51,7,23,6,15,6
31,2021-03-30,44,7,22,7,10,16
32,2021-03-29,35,7,36,7,12,16
33,2021-03-28,65,6,33,8,5,14
34,2021-03-27,66,7,19,6,16,16
35,2021-03-26,37,7,20,12,11,16
36,2021-03-25,38,7,20,14,9,16
37,2021-03-24,37,7,20,13,13,16
38,2021-03-23,39,7,10,8,7,15
39,2021-03-22,21,7,10,12,6,15
40,2021-03-21,20,7,11,10,8,15
41,2021-03-20,22,7,11,12,8,16
42,2021-03-19,20,7,12,10,11,16
43,2021-03-18,24,7,12,16,8,16
44,2021-03-17,24,7,8,15,6,15
45,2021-03-16,16,7,9,12,10,15
46,2021-03-15,17,7,8,11,8,15
47,2021-03-14,16,7,7,10,11,15
48,2021-03-13,15,7,5,10,8,14
49,2021-03-12,10,7,3,11,9,14
50,2021-03-11,7,7,3,16,5,14
51,2021-03-10,5,7,33,19,6,15
52,2021-03-09,51,9,61,24,8,17
53,2021-03-08,81,11,63,9,12,18
54,2021-03-07,101,8,58,11,17,18
55,2021-03-06,113,7,34,9,10,16
56,2021-03-05,59,7,22,9,8,15
57,2021-03-04,38,7,25,7,10,15
58,2021-03-03,42,7,39,11,11,15
59,2021-03-02,63,7,43,14,14,16
60,2021-03-01,67,7,49,13,13,16
61,2021-02-28,95,7,40,3,12,22
62,2021-02-27,57,9,36,7,12,26
63,2021-02-26,53,9,38,17,10,32
64,2021-02-25,55,9,41,15,13,37
65,2021-02-24,65,9,40,12,12,38
66,2021-02-23,62,9,39,18,10,35
67,2021-02-22,62,10,38,15,10,34
68,2021-02-21,62,9,37,19,8,25
69,2021-02-20,65,6,13,23,6,18
70,2021-02-19,26,9,33,25,10,24
71,2021-02-18,61,8,25,35,7,22
72,2021-02-17,46,8,25,30,6,21
73,2021-02-16,47,8,23,35,6,22
74,2021-02-15,43,8,21,28,6,25
75,2021-02-14,38,8,25,19,7,24
76,2021-02-13,48,8,28,16,7,24
77,2021-02-12,53,8,25,17,7,20
78,2021-02-11,46,10,33,16,9,13
79,2021-02-10,60,11,42,24,13,13
80,2021-02-09,77,11,37,34,8,11
81,2021-02-08,70,10,29,35,6,10
82,2021-02-07,52,8,23,17,8,10
83,2021-02-06,42,7,23,16,10,8
84,2021-02-05,43,6,19,21,5,1
85,2021-02-04,32,6,21,12,6,1
86,2021-02-03,34,6,20,8,10,2
87,2021-02-02,33,6,26,7,7,1
88,2021-02-01,47,7,26,5,10,2
89,2021-01-31,58,6,43,29,10,23
90,2021-01-30,86,7,66,30,11,26
91,2021-01-29,143,7,63,18,9,23
92,2021-01-28,136,8,62,22,10,26
93,2021-01-27,138,7,72,12,14,27
94,2021-01-26,154,4,57,15,10,16
95,2021-01-25,125,4,49,7,10,15
96,2021-01-24,106,2,14,11,8,8
97,2021-01-23,29,4,22,12,6,11
98,2021-01-22,43,4,26,13,6,13
99,2021-01-21,52,4,32,17,7,14
100,2021-01-20,62,5,31,22,12,22
101,2021-01-19,60,10,50,17,14,28
102,2021-01-18,103,13,57,23,12,31
103,2021-01-17,122,6,62,4,17,30
104,2021-01-16,138,10,60,4,15,25
105,2021-01-15,135,4,47,12,8,13
106,2021-01-14,100,4,36,23,10,18
107,2021-01-13,73,7,42,16,13,27
108,2021-01-12,87,8,48,8,15,27
109,2021-01-11,100,4,68,4,18,15
110,2021-01-10,141,4,63,9,17,-
111,2021-01-09,133,4,63,6,14,-
112,2021-01-08,133,4,49,14,11,-
113,2021-01-07,102,3,35,7,14,25
114,2021-01-06,60,2,28,8,12,20
115,2021-01-05,39,3,24,10,12,23
116,2021-01-04,32,3,25,5,11,18
117,2021-01-03,37,5,36,2,10,18
118,2021-01-02,61,6,55,2,21,37
119,2021-01-01,101,8,51,3,15,23
120,2020-12-31,46,6,40,15,7,27
121,2020-12-30,70,4,46,12,8,27
122,2020-12-29,84,3,37,13,7,20
123,2020-12-28,70,3,23,15,6,18
124,2020-12-27,42,3,27,16,6,19
125,2020-12-26,50,4,43,19,7,26
126,2020-12-25,82,4,50,26,7,25
127,2020-12-24,100,4,40,17,8,26
128,2020-12-23,78,4,50,14,11,34
129,2020-12-22,103,6,55,24,11,38
130,2020-12-21,113,4,49,16,12,32
131,2020-12-20,103,4,37,13,9,28
132,2020-12-19,73,2,32,8,8,21
133,2020-12-18,63,2,26,5,8,16
134,2020-12-17,49,1,13,5,7,11
135,2020-12-16,25,2,13,6,6,9
136,2020-12-15,26,1,17,7,5,8
137,2020-12-14,34,1,20,8,5,8
138,2020-12-13,38,2,24,15,5,11
139,2020-12-12,47,3,26,20,4,12
140,2020-12-11,50,4,34,25,7,18
141,2020-12-10,66,4,48,25,9,28
142,2020-12-09,96,8,48,12,11,30
143,2020-12-08,98,4,37,16,9,23
144,2020-12-07,74,8,51,13,13,32
145,2020-12-06,107,6,48,5,13,28
146,2020-12-05,95,3,50,3,12,17
147,2020-12-04,102,2,27,6,12,16
148,2020-12-03,54,2,17,6,10,17
149,2020-12-02,33,3,24,14,9,16
150,2020-12-01,43,6,31,17,9,24
151,2020-11-30,35,8,47,-,11,22
152,2020-11-29,74,8,37,-,10,18
153,2020-11-28,62,9,19,-,6,14
154,2020-11-27,26,6,36,14,11,22
155,2020-11-26,56,3,54,15,14,34
156,2020-11-25,91,2,59,13,14,31
157,2020-11-24,112,2,31,18,9,17
158,2020-11-23,53,3,26,25,7,18
159,2020-11-22,47,5,32,29,8,24
160,2020-11-21,54,7,38,30,8,25
161,2020-11-20,65,7,40,26,11,30
162,2020-11-19,60,5,45,39,11,31
163,2020-11-18,73,5,41,34,10,30
164,2020-11-17,66,5,39,31,8,24
165,2020-11-16,67,1,26,21,6,14
166,2020-11-15,49,1,23,3,10,12
167,2020-11-14,45,1,23,6,13,15
168,2020-11-13,37,1,22,5,10,13
169,2020-11-12,30,1,26,4,12,13
170,2020-11-11,36,1,25,4,11,13
171,2020-11-10,35,1,19,5,6,12
172,2020-11-09,26,1,23,6,6,14
173,2020-11-08,34,1,31,5,10,19
174,2020-11-07,38,2,32,4,9,24
175,2020-11-06,47,2,37,8,8,28
176,2020-11-05,60,1,34,5,8,29
177,2020-11-04,50,2,35,18,7,24
178,2020-11-03,59,2,25,12,5,14
179,2020-11-02,44,2,20,18,4,14
180,2020-11-01,34,3,27,21,5,20
181,2020-10-31,28,5,16,-,14,13
182,2020-10-30,22,6,26,-,13,17
183,2020-10-29,37,6,28,-,15,13
184,2020-10-28,40,6,21,-,10,9
185,2020-10-27,33,6,20,-,15,8
186,2020-10-26,28,6,22,-,5,1
187,2020-10-25,33,6,15,-,5,-
188,2020-10-24,20,6,19,-,4,8
189,2020-10-23,27,6,16,-,5,8
190,2020-10-22,21,7,22,-,4,9
191,2020-10-21,32,7,24,-,4,10
192,2020-10-20,39,8,39,-,8,17
193,2020-10-19,60,8,38,-,6,17
194,2020-10-18,56,6,14,-,4,8
195,2020-10-17,26,6,9,-,5,8
196,2020-10-16,16,6,12,-,5,8
197,2020-10-15,18,7,13,-,4,10
198,2020-10-14,15,7,16,-,5,10
199,2020-10-13,26,7,20,-,6,12
200,2020-10-12,28,9,20,-,5,14
201,2020-10-11,25,8,21,-,6,15
202,2020-10-10,25,10,36,-,7,20
203,2020-10-09,46,10,51,-,12,27
204,2020-10-08,75,11,53,-,11,29
205,2020-10-07,80,9,48,-,7,19
206,2020-10-06,76,7,33,-,6,17
207,2020-10-05,55,7,37,-,12,23
208,2020-10-04,57,7,38,-,8,15
209,2020-10-03,60,7,25,-,5,12
210,2020-10-02,44,7,13,-,7,13
211,2020-10-01,24,7,23,-,10,15
212,2020-09-30,40,5,32,-,9,18
213,2020-09-29,40,4,51,-,7,15
214,2020-09-28,76,4,48,-,11,21
215,2020-09-27,71,4,38,-,12,18
216,2020-09-26,55,4,28,-,7,12
217,2020-09-25,35,4,23,-,7,13
218,2020-09-24,28,4,12,-,7,12
219,2020-09-23,17,5,36,-,12,19
220,2020-09-22,47,6,23,-,11,14
221,2020-09-21,30,5,24,-,11,10
222,2020-09-20,31,5,23,-,12,15
223,2020-09-19,28,4,22,-,11,11
224,2020-09-18,28,4,17,-,9,9
225,2020-09-17,25,5,18,-,13,10
226,2020-09-16,23,5,18,-,10,9
227,2020-09-15,22,5,21,-,11,10
228,2020-09-14,25,5,28,-,12,14
229,2020-09-13,33,5,12,-,3,6
230,2020-09-12,15,5,12,-,5,7
231,2020-09-11,18,5,24,-,10,9
232,2020-09-10,36,6,28,-,12,10
233,2020-09-09,40,5,14,-,11,8
234,2020-09-08,19,6,20,-,12,9
235,2020-09-07,27,5,14,-,7,10
236,2020-09-06,19,6,27,-,10,13
237,2020-09-05,37,5,16,-,9,10
238,2020-09-04,22,5,13,-,6,6
239,2020-09-03,20,5,22,-,10,15
240,2020-09-02,32,5,31,-,11,16
241,2020-09-01,44,5,22,-,12,13
242,2020-08-31,43,3,24,14,4,9
243,2020-08-30,31,3,10,13,4,6
244,2020-08-29,15,4,20,13,12,10
245,2020-08-28,32,4,19,12,13,9
246,2020-08-27,27,3,20,13,15,10
247,2020-08-26,29,3,13,12,13,8
248,2020-08-25,20,3,15,12,14,6
249,2020-08-24,21,3,20,13,21,6
250,2020-08-23,24,3,19,13,21,8
251,2020-08-22,23,3,24,17,21,14
252,2020-08-21,26,4,19,8,11,19
253,2020-08-20,14,4,21,12,10,12
254,2020-08-19,23,3,13,12,9,11
255,2020-08-18,17,4,13,11,10,7
256,2020-08-17,19,4,16,6,10,8
257,2020-08-16,22,4,32,6,9,9
258,2020-08-15,43,4,13,6,10,9
259,2020-08-14,19,4,8,-,11,8
260,2020-08-13,13,4,21,-,14,12
261,2020-08-12,28,4,30,-,8,12
262,2020-08-11,41,4,19,-,14,17
263,2020-08-10,23,4,19,-,7,11
264,2020-08-09,26,4,24,-,8,10
265,2020-08-08,32,4,22,-,9,12
266,2020-08-07,26,4,19,-,7,9
267,2020-08-06,21,4,26,-,7,13
268,2020-08-05,30,4,39,-,7,16
269,2020-08-04,50,4,30,-,11,15
270,2020-08-03,38,4,26,-,9,15
271,2020-08-02,32,5,30,-,8,17
272,2020-08-01,37,5,32,-,9,14
273,2020-07-31,30,2,32,17,11,17
274,2020-07-30,33,2,30,17,11,17
275,2020-07-29,32,2,24,18,10,14
276,2020-07-28,24,2,19,17,10,15
277,2020-07-27,24,2,21,16,8,11
278,2020-07-26,23,2,20,19,6,9
279,2020-07-25,20,2,26,23,6,10
280,2020-07-24,27,2,27,18,7,11
281,2020-07-23,24,2,32,18,7,10
282,2020-07-22,23,2,35,18,8,11
283,2020-07-21,22,4,43,18,10,13
284,2020-07-20,29,2,37,20,10,13
285,2020-07-19,34,2,34,24,8,14
286,2020-07-18,32,2,29,31,8,17
287,2020-07-17,31,2,27,24,6,11
288,2020-07-16,27,2,25,22,6,7
289,2020-07-15,24,2,26,22,6,8
290,2020-07-14,22,2,27,23,5,8
291,2020-07-13,24,2,28,22,5,8
292,2020-07-12,26,2,24,20,10,9
293,2020-07-11,29,4,24,14,7,6
294,2020-07-10,27,3,21,14,6,5
295,2020-07-09,20,3,21,14,6,-
296,2020-07-08,19,3,24,14,8,-
297,2020-07-07,25,3,25,16,6,-
298,2020-07-06,21,3,21,15,6,-
299,2020-07-05,23,4,42,15,10,-
300,2020-07-04,51,4,53,28,12,-
301,2020-07-03,76,3,44,16,13,-
302,2020-07-02,54,3,37,15,11,12
303,2020-07-01,44,3,33,16,9,16
304,2020-06-30,28,7,29,16,11,11
305,2020-06-29,24,7,39,15,11,11
306,2020-06-28,41,6,32,31,9,7
307,2020-06-27,35,6,32,24,8,7
308,2020-06-26,36,6,36,24,10,11
309,2020-06-25,47,7,40,17,10,13
310,2020-06-24,51,8,42,18,8,13
311,2020-06-23,42,9,39,15,7,11
312,2020-06-22,36,10,50,26,9,16
313,2020-06-21,37,7,36,20,8,14
314,2020-06-20,33,7,31,17,9,13
315,2020-06-19,34,7,30,19,7,13
316,2020-06-18,29,7,28,17,7,12
317,2020-06-17,28,7,28,12,9,12
318,2020-06-16,35,6,25,12,11,16
319,2020-06-15,35,1,26,16,6,11
320,2020-06-14,21,2,30,13,6,11
321,2020-06-13,22,1,25,11,7,11
322,2020-06-12,18,1,24,12,8,13
323,2020-06-11,20,1,23,20,5,10
324,2020-06-10,21,1,27,23,4,10
325,2020-06-09,24,1,28,18,7,13
326,2020-06-08,21,2,33,22,7,17
327,2020-06-07,22,1,36,16,8,18
328,2020-06-06,23,2,43,20,10,19
329,2020-06-05,50,1,30,18,6,11
330,2020-06-04,23,1,27,27,4,12
331,2020-06-03,20,1,27,23,4,11
332,2020-06-02,23,3,31,18,9,15
333,2020-06-01,28,1,31,26,8,17
334,2020-05-31,61,5,35,12,8,6
335,2020-05-30,49,5,40,23,6,3
336,2020-05-29,47,5,33,16,8,4
337,2020-05-28,41,5,36,21,8,7
338,2020-05-27,40,5,39,17,10,6
339,2020-05-26,47,5,37,13,10,4
340,2020-05-25,42,5,41,13,10,5
341,2020-05-24,51,5,40,17,9,5
342,2020-05-23,46,5,40,18,10,5
343,2020-05-22,52,5,39,25,7,4
344,2020-05-21,44,5,32,14,10,5
345,2020-05-20,37,5,25,14,9,5
346,2020-05-19,30,6,28,15,9,4
347,2020-05-18,32,6,23,19,8,4
348,2020-05-17,22,5,27,15,6,3
349,2020-05-16,32,6,29,18,7,2
350,2020-05-15,35,6,24,15,7,-
351,2020-05-14,26,6,28,30,9,-
352,2020-05-13,32,6,39,18,10,-
353,2020-05-12,49,6,32,17,10,-
354,2020-05-11,33,6,45,24,11,12
355,2020-05-10,44,6,41,15,9,10
356,2020-05-09,38,6,28,19,8,7
357,2020-05-08,37,6,37,17,9,8
358,2020-05-07,48,6,30,26,9,7
359,2020-05-06,34,7,21,20,5,4
360,2020-05-05,27,7,27,21,7,7
361,2020-05-04,35,8,47,24,10,9
362,2020-05-03,56,6,35,18,9,9
363,2020-05-02,41,6,31,19,9,9
364,2020-05-01,34,6,32,17,7,6
365,2020-04-30,-,5,36,7,5,6
366,2020-04-29,65,5,28,5,6,3
367,2020-04-28,54,5,25,7,8,6
368,2020-04-27,48,5,15,6,4,2
369,2020-04-26,28,5,8,13,4,1
370,2020-04-25,14,5,18,11,6,6
371,2020-04-24,34,5,36,21,6,7
372,2020-04-23,69,5,46,17,9,12
373,2020-04-22,89,6,41,25,8,11
374,2020-04-21,76,6,33,23,8,11
375,2020-04-20,60,5,22,18,6,6
376,2020-04-19,42,5,17,22,4,5
377,2020-04-18,31,5,22,20,4,5
378,2020-04-17,42,6,26,38,5,6
379,2020-04-16,48,7,31,32,6,8
380,2020-04-15,57,4,26,17,8,6
381,2020-04-14,49,4,15,14,5,2
382,2020-04-13,28,4,14,17,5,3
383,2020-04-12,27,4,17,13,6,1
384,2020-04-11,33,34,13,14,5,3
385,2020-04-10,25,24,15,14,7,4
386,2020-04-09,24,15,10,13,8,5
387,2020-04-08,12,6,6,17,5,2
388,2020-04-07,7,10,6,16,4,2
389,2020-04-06,11,6,11,22,5,3
390,2020-04-05,15,6,10,18,5,3
391,2020-04-04,14,7,11,27,8,8
392,2020-04-03,17,16,44,37,8,11
393,2020-04-02,55,11,67,42,10,10
394,2020-04-01,99,6,48,24,8,5
395,2020-03-31,47,3,32,12,8,15
396,2020-03-30,51,3,28,11,9,14
397,2020-03-29,43,3,22,11,6,15
398,2020-03-28,34,4,23,28,6,17
399,2020-03-27,38,4,31,8,9,13
400,2020-03-26,51,6,61,10,12,22
401,2020-03-25,112,4,45,9,12,21
402,2020-03-24,72,3,45,17,9,18
403,2020-03-23,76,3,54,33,9,18
404,2020-03-22,100,4,45,17,7,17
405,2020-03-21,70,6,52,15,12,28
406,2020-03-20,83,4,40,13,13,21
407,2020-03-19,71,4,40,14,11,14
408,2020-03-18,74,5,37,13,8,16
409,2020-03-17,60,6,51,10,9,18
410,2020-03-16,95,7,59,5,17,22
411,2020-03-15,121,4,31,11,16,21
412,2020-03-14,59,4,16,7,8,9
413,2020-03-13,32,4,17,7,6,8
414,2020-03-12,31,5,47,8,12,22
415,2020-03-11,80,4,31,16,9,13
416,2020-03-10,57,4,22,15,7,8
417,2020-03-09,40,4,27,14,10,11
418,2020-03-08,48,4,19,14,6,7
419,2020-03-07,31,-,17,14,5,7
420,2020-03-06,27,-,13,14,4,4
421,2020-03-05,23,-,19,17,7,5
422,2020-03-04,32,-,21,14,6,4
423,2020-03-03,34,4,14,46,4,2
424,2020-03-02,25,-,-,-,-,-
425,2020-03-01,-,-,-,-,-,-
426,2020-02-29,109,4,70,10,9,20
427,2020-02-28,142,4,83,12,10,15
428,2020-02-27,171,3,60,14,13,10
429,2020-02-26,124,3,15,18,5,1
430,2020-02-25,29,4,24,19,9,1
431,2020-02-24,46,4,58,6,15,6
432,2020-02-23,107,3,57,2,15,6
433,2020-02-22,108,4,33,2,8,-
434,2020-02-21,58,3,15,5,5,-
435,2020-02-20,27,7,43,3,11,-
436,2020-02-19,77,5,52,8,11,-
437,2020-02-18,99,4,57,4,14,26
438,2020-02-17,108,3,42,8,15,21
439,2020-02-16,81,3,30,14,12,16
440,2020-02-15,51,3,40,15,12,18
441,2020-02-14,62,4,27,15,4,12
442,2020-02-13,36,6,40,13,6,17
443,2020-02-12,64,15,52,14,8,28
444,2020-02-11,84,18,63,7,10,33
445,2020-02-10,116,8,86,6,11,25
446,2020-02-09,160,5,98,6,12,26
447,2020-02-08,189,5,82,16,16,30
448,2020-02-07,168,5,71,13,14,32
449,2020-02-06,137,4,51,12,9,25
450,2020-02-05,90,4,47,7,9,20
451,2020-02-04,81,4,42,5,13,29
452,2020-02-03,65,4,41,7,10,24
453,2020-02-02,66,3,33,7,9,18
454,2020-02-01,48,3,34,11,7,16
455,2020-01-31,-,4,80,4,15,28
456,2020-01-30,153,4,65,5,15,25
457,2020-01-29,118,3,44,6,10,21
458,2020-01-28,59,3,44,6,12,21
459,2020-01-27,70,2,46,6,9,18
460,2020-01-26,66,2,47,7,9,17
461,2020-01-25,63,2,51,6,13,22
462,2020-01-24,84,3,48,6,12,18
463,2020-01-23,62,4,49,6,11,22
464,2020-01-22,70,3,41,6,8,15
465,2020-01-21,52,3,42,6,9,12
466,2020-01-20,57,4,38,7,8,13
467,2020-01-19,61,8,77,4,14,19
468,2020-01-18,149,8,90,5,18,28
469,2020-01-17,171,3,37,6,7,13
470,2020-01-16,54,6,41,6,12,15
471,2020-01-15,60,5,36,8,8,13
472,2020-01-14,62,3,49,8,10,12
473,2020-01-13,97,3,36,10,7,10
474,2020-01-12,66,3,46,12,11,13
475,2020-01-11,92,4,67,7,15,20
476,2020-01-10,140,3,56,9,14,15
477,2020-01-09,111,2,31,12,7,9
478,2020-01-08,53,2,23,11,5,6
479,2020-01-07,43,2,19,17,4,5
480,2020-01-06,35,2,15,18,5,9
481,2020-01-05,23,3,24,15,5,9
482,2020-01-04,36,3,36,14,5,9
483,2020-01-03,62,3,46,14,5,7
484,2020-01-02,86,3,56,13,8,16
485,2020-01-01,115,5,57,9,10,26
486,2019-12-31,126,-,54,11,7,-
487,2019-12-30,96,-,30,16,6,-
488,2019-12-29,44,6,48,16,9,37
489,2019-12-28,82,7,59,19,8,20
490,2019-12-27,107,6,51,20,5,15
491,2019-12-26,84,4,42,20,6,15
492,2019-12-25,65,6,64,21,9,22
493,2019-12-24,116,9,74,23,11,27
494,2019-12-23,139,11,85,26,15,31
495,2019-12-22,153,9,91,26,15,33
496,2019-12-21,167,10,95,28,18,35
497,2019-12-20,177,8,119,3,15,29
498,2019-12-19,213,8,78,22,14,33
499,2019-12-18,156,6,83,9,12,25
500,2019-12-17,166,5,50,6,10,20
501,2019-12-16,95,3,34,4,10,12
502,2019-12-15,64,4,28,8,13,18
503,2019-12-14,50,3,26,6,11,11
504,2019-12-13,46,4,35,6,11,13
505,2019-12-12,63,4,43,6,8,13
506,2019-12-11,84,3,52,6,9,11
507,2019-12-10,102,3,49,5,9,11
508,2019-12-09,90,4,76,5,15,12
509,2019-12-08,154,4,94,4,20,20
510,2019-12-07,168,2,41,6,9,15
511,2019-12-06,49,5,51,6,10,17
512,2019-12-05,75,3,44,6,7,11
513,2019-12-04,68,7,65,6,8,19
514,2019-12-03,117,5,74,8,11,22
515,2019-12-02,144,-,-,-,-,-
516,2019-12-01,-,-,-,-,-,-
517,2019-11-30,103,-,23,19,-,-
518,2019-11-29,61,-,26,13,-,-
519,2019-11-28,62,-,32,20,-,-
520,2019-11-27,71,-,38,33,1,-
521,2019-11-26,70,-,62,46,2,-
522,2019-11-25,120,-,78,35,1,-
523,2019-11-24,157,-,69,39,10,-
524,2019-11-23,149,-,56,41,7,-
525,2019-11-22,118,-,64,49,8,-
526,2019-11-21,131,-,74,54,6,-
527,2019-11-20,164,-,76,45,8,-
528,2019-11-19,165,-,96,44,9,-
529,2019-11-18,217,-,53,15,7,-
530,2019-11-17,117,-,29,14,8,-
531,2019-11-16,56,-,53,21,9,-
532,2019-11-15,101,-,48,27,6,-
533,2019-11-14,91,-,31,17,4,-
534,2019-11-13,61,-,27,16,7,-
535,2019-11-12,53,-,32,18,5,-
536,2019-11-11,59,-,61,19,9,-
537,2019-11-10,105,-,71,15,9,-
538,2019-11-09,131,-,73,14,12,-
539,2019-11-08,128,-,70,14,12,-
540,2019-11-07,120,-,57,8,11,-
541,2019-11-06,89,-,64,13,13,-
542,2019-11-05,101,-,65,12,11,-
543,2019-11-04,113,-,71,14,10,-
544,2019-11-03,124,-,47,10,6,-
545,2019-11-02,69,-,54,10,9,-
546,2019-11-01,84,-,68,7,12,-
547,2019-10-31,175,-,84,50,9,17
548,2019-10-30,150,-,64,20,9,14
549,2019-10-29,116,-,41,18,8,11
550,2019-10-28,86,-,57,14,11,13
551,2019-10-27,120,-,51,22,8,10
552,2019-10-26,94,-,52,26,5,8
553,2019-10-25,94,-,61,29,5,10
554,2019-10-24,105,-,26,16,4,5
555,2019-10-23,58,-,20,14,5,6
556,2019-10-22,42,-,54,15,6,9
557,2019-10-21,109,-,35,15,6,10
558,2019-10-20,56,-,36,15,5,10
559,2019-10-19,61,-,36,15,4,8
560,2019-10-18,67,-,29,18,2,5
561,2019-10-17,58,-,30,20,2,6
562,2019-10-16,60,-,39,40,5,6
563,2019-10-15,76,-,45,35,7,-
564,2019-10-14,97,-,24,21,4,23
565,2019-10-13,48,-,29,34,5,-
566,2019-10-12,49,-,46,41,5,-
567,2019-10-11,94,-,56,27,7,-
568,2019-10-10,118,-,36,22,3,-
569,2019-10-09,68,-,28,22,4,-
570,2019-10-08,55,-,16,17,2,-
571,2019-10-07,35,-,32,16,2,-
572,2019-10-06,67,-,52,23,1,-
573,2019-10-05,112,-,44,15,1,-
574,2019-10-04,95,-,29,13,1,-
575,2019-10-03,64,-,23,27,1,-
576,2019-10-02,40,-,47,34,2,-
577,2019-10-01,90,-,53,20,1,-
578,2019-09-30,-,-,-,-,-,-
579,2019-09-29,-,-,-,-,-,-
580,2019-09-28,-,-,-,-,-,-
581,2019-09-27,-,-,-,-,-,-
582,2019-09-26,-,-,-,-,-,-
583,2019-09-25,-,-,-,-,-,-
584,2019-09-24,-,-,-,-,-,-
585,2019-09-23,-,-,-,-,-,-
586,2019-09-22,-,-,-,-,-,-
587,2019-09-21,-,-,-,-,-,-
588,2019-09-20,-,-,-,-,-,-
589,2019-09-19,-,-,-,-,-,-
590,2019-09-18,-,-,-,-,-,-
591,2019-09-17,-,-,8,34,7,11
592,2019-09-16,18,-,13,43,7,9
593,2019-09-15,31,-,12,36,9,11
594,2019-09-14,30,-,29,36,6,9
595,2019-09-13,54,-,37,32,5,6
596,2019-09-12,74,-,28,22,7,7
597,2019-09-11,60,-,38,39,8,7
598,2019-09-10,75,-,36,30,4,6
599,2019-09-09,61,-,38,45,5,10
600,2019-09-08,53,-,63,57,6,15
601,2019-09-07,102,-,72,46,8,18
602,2019-09-06,113,-,76,63,7,17
603,2019-09-05,122,-,75,51,6,15
604,2019-09-04,132,-,71,59,8,18
605,2019-09-03,122,-,84,58,10,21
606,2019-09-02,146,-,88,54,7,19
607,2019-09-01,154,-,99,63,8,16
608,2019-08-31,21,-,6,14,6,19
609,2019-08-30,17,-,4,17,6,14
610,2019-08-29,13,-,4,17,2,8
611,2019-08-28,13,-,6,18,8,16
612,2019-08-27,18,-,-,-,9,21
613,2019-08-26,-,-,-,-,7,20
614,2019-08-25,-,-,-,-,7,27
615,2019-08-24,-,-,-,-,7,21
616,2019-08-23,-,-,-,-,6,18
617,2019-08-22,-,-,-,13,7,17
618,2019-08-21,-,-,-,-,6,16
619,2019-08-20,-,-,-,-,7,8
620,2019-08-19,-,-,-,-,7,9
621,2019-08-18,-,-,-,-,5,10
622,2019-08-17,-,-,-,-,5,9
623,2019-08-16,-,-,-,-,7,10
624,2019-08-15,-,-,-,-,7,8
625,2019-08-14,-,-,-,-,5,7
626,2019-08-13,-,-,-,-,7,10
627,2019-08-12,-,-,4,22,7,11
628,2019-08-11,8,-,-,-,10,9
629,2019-08-10,-,-,-,-,10,10
630,2019-08-09,-,-,-,-,5,6
631,2019-08-08,-,-,-,-,5,6
632,2019-08-07,-,-,-,-,6,8
633,2019-08-06,-,-,-,-,10,8
634,2019-08-05,-,-,-,-,-,-
635,2019-08-04,-,-,-,-,-,-
636,2019-08-03,-,-,-,-,-,-
637,2019-08-02,-,-,-,-,-,-
638,2019-08-01,-,-,-,-,-,-
639,2019-07-31,11,-,6,22,15,21
640,2019-07-30,14,-,6,28,14,18
641,2019-07-29,17,-,6,26,-,14
642,2019-07-28,16,-,3,16,-,15
643,2019-07-27,10,-,5,14,7,23
644,2019-07-26,10,-,5,18,6,21
645,2019-07-25,9,-,6,26,6,23
646,2019-07-24,12,-,7,20,7,25
647,2019-07-23,12,-,7,42,6,21
648,2019-07-22,13,-,5,21,6,21
649,2019-07-21,13,-,7,11,9,26
650,2019-07-20,13,-,7,15,7,23
651,2019-07-19,14,-,8,13,7,24
652,2019-07-18,13,-,9,11,7,17
653,2019-07-17,20,-,9,14,11,24
654,2019-07-16,21,-,9,441,10,28
655,2019-07-15,21,-,7,151,8,24
656,2019-07-14,14,-,8,16,8,24
657,2019-07-13,17,-,9,18,8,27
658,2019-07-12,21,-,6,14,4,24
659,2019-07-11,14,-,7,13,7,26
660,2019-07-10,14,-,7,46,9,28
661,2019-07-09,14,-,7,19,10,28
662,2019-07-08,14,-,3,28,6,24
663,2019-07-07,7,-,-,18,7,21
664,2019-07-06,-,-,-,-,-,-
665,2019-07-05,-,-,-,-,-,-
666,2019-07-04,-,-,-,15,10,22
667,2019-07-03,-,-,-,17,9,24
668,2019-07-02,-,-,6,32,8,24
669,2019-07-01,16,-,7,34,4,16
670,2019-06-30,4,-,0,-,0,-
671,2019-06-29,14,-,0,-,0,-
672,2019-06-28,-,3,3,3,3,3
673,2019-06-27,-,7,7,7,7,7
674,2019-06-26,-,5,5,5,5,5
675,2019-06-25,-,-,-,-,-,-
676,2019-06-24,-,-,-,-,-,-
677,2019-06-23,-,-,-,-,-,-
678,2019-06-22,-,0,0,0,0,0
679,2019-06-21,-,-,-,-,-,-
680,2019-06-20,-,-,-,-,-,-
681,2019-06-19,-,-,-,-,-,-
682,2019-06-18,-,-,-,-,-,-
683,2019-06-17,-,-,-,-,-,-
684,2019-06-16,-,-,-,-,-,-
685,2019-06-15,-,-,-,-,-,-
686,2019-06-14,-,-,-,-,-,-
687,2019-06-13,-,-,-,-,-,-
688,2019-06-12,-,-,-,-,-,-
689,2019-06-11,-,-,-,-,-,-
690,2019-06-10,-,-,-,-,-,-
691,2019-06-09,-,-,-,-,-,-
692,2019-06-08,-,-,-,-,-,-
693,2019-06-07,-,-,-,-,-,-
694,2019-06-06,-,-,-,-,-,-
695,2019-06-05,-,-,-,-,-,-
696,2019-06-04,-,-,-,-,-,-
697,2019-06-03,-,-,-,-,-,-
698,2019-06-02,-,-,-,-,-,-
699,2019-06-01,-,-,-,-,-,-
700,2019-05-31,-,-,-,-,-,-
701,2019-05-30,-,-,-,-,-,-
702,2019-05-29,-,-,-,-,-,-
703,2019-05-28,-,-,-,-,-,-
704,2019-05-27,-,-,-,-,-,-
705,2019-05-26,-,-,-,-,-,-
706,2019-05-25,-,-,-,-,-,-
707,2019-05-24,-,-,-,-,-,-
708,2019-05-23,-,-,-,-,-,-
709,2019-05-22,-,-,-,-,-,-
710,2019-05-21,-,-,-,-,-,-
711,2019-05-20,-,-,-,-,-,-
712,2019-05-19,-,-,-,-,-,-
713,2019-05-18,-,-,-,-,-,-
714,2019-05-17,-,-,-,-,-,-
715,2019-05-16,-,-,-,-,-,-
716,2019-05-15,-,-,-,-,-,-
717,2019-05-14,-,-,-,-,-,-
718,2019-05-13,-,-,-,-,-,-
719,2019-05-12,-,-,-,-,-,-
720,2019-05-11,-,-,-,-,-,-
721,2019-05-10,-,-,-,-,-,-
722,2019-05-09,-,-,-,-,-,-
723,2019-05-08,-,-,-,-,-,-
724,2019-05-07,-,-,-,-,-,-
725,2019-05-06,-,-,-,-,-,-
726,2019-05-05,-,-,-,-,-,-
727,2019-05-04,-,-,-,-,-,-
728,2019-05-03,-,-,-,-,-,-
729,2019-05-02,-,-,-,-,-,-
730,2019-05-01,-,-,-,-,-,-
731,2019-04-30,-,-,-,-,-,-
732,2019-04-29,-,-,-,-,-,-
733,2019-04-28,-,-,-,-,-,-
734,2019-04-27,-,-,-,-,-,-
735,2019-04-26,-,-,-,-,-,-
736,2019-04-25,-,-,-,-,-,-
737,2019-04-24,-,-,-,-,-,-
738,2019-04-23,-,-,-,-,-,-
739,2019-04-22,-,-,-,-,-,-
740,2019-04-21,-,-,-,-,-,-
741,2019-04-20,-,-,-,-,-,-
742,2019-04-19,-,-,-,-,-,-
743,2019-04-18,-,-,-,-,-,-
744,2019-04-17,-,-,-,-,-,-
745,2019-04-16,-,-,-,-,-,-
746,2019-04-15,-,-,-,-,-,-
747,2019-04-14,-,-,-,-,-,-
748,2019-04-13,-,-,-,-,-,-
749,2019-04-12,-,-,-,-,-,-
750,2019-04-11,-,-,-,-,-,-
751,2019-04-10,-,-,-,-,-,-
752,2019-04-09,-,-,-,-,-,-
753,2019-04-08,-,-,-,-,-,-
754,2019-04-07,-,-,-,-,-,-
755,2019-04-06,-,-,-,-,-,-
756,2019-04-05,-,-,-,-,-,-
757,2019-04-04,-,-,-,-,-,-
758,2019-04-03,-,-,-,-,-,-
759,2019-04-02,-,-,-,-,-,-
760,2019-04-01,-,-,-,-,-,-
761,2019-03-31,-,-,-,-,-,-
762,2019-03-30,-,-,-,-,-,-
763,2019-03-29,-,-,-,-,-,-
764,2019-03-28,-,-,-,-,-,-
765,2019-03-27,-,-,-,-,-,-
766,2019-03-26,-,-,-,-,-,-
767,2019-03-25,-,-,-,-,-,-
768,2019-03-24,-,-,-,-,-,-
769,2019-03-23,-,-,-,-,-,-
770,2019-03-22,-,-,-,-,-,-
771,2019-03-21,-,-,-,-,-,-
772,2019-03-20,-,-,-,-,-,-
773,2019-03-19,-,-,-,-,-,-
774,2019-03-18,-,-,-,-,-,-
775,2019-03-17,-,-,-,-,-,-
776,2019-03-16,-,-,-,-,-,-
777,2019-03-15,-,-,-,-,-,-
778,2019-03-14,-,-,-,-,-,-
779,2019-03-13,-,-,-,-,-,-
780,2019-03-12,-,-,-,-,-,-
781,2019-03-11,-,-,-,-,-,-
782,2019-03-10,-,-,-,-,-,-
783,2019-03-09,-,-,-,-,-,-
784,2019-03-08,-,-,-,-,-,-
785,2019-03-07,-,-,-,-,-,-
786,2019-03-06,-,-,-,-,-,-
787,2019-03-05,-,-,-,-,-,-
788,2019-03-04,-,-,-,-,-,-
789,2019-03-03,-,-,-,-,-,-
790,2019-03-02,-,-,-,-,-,-
791,2019-03-01,-,-,-,-,-,-
792,2019-02-28,-,-,-,-,-,-
793,2019-02-27,-,-,-,-,-,-
794,2019-02-26,-,-,-,-,-,-
795,2019-02-25,-,-,-,-,-,-
796,2019-02-24,-,-,-,-,-,-
797,2019-02-23,-,-,-,-,-,-
798,2019-02-22,-,-,-,-,-,-
799,2019-02-21,-,-,-,-,-,-
800,2019-02-20,-,-,-,-,-,-
801,2019-02-19,-,-,-,-,-,-
802,2019-02-18,-,-,-,-,-,-
803,2019-02-17,-,-,-,-,-,-
804,2019-02-16,-,-,-,-,-,-
805,2019-02-15,-,-,-,-,-,-
806,2019-02-14,-,-,-,-,-,-
807,2019-02-13,-,-,-,-,-,-
808,2019-02-12,-,-,-,-,-,-
809,2019-02-11,-,-,-,-,-,-
810,2019-02-10,-,-,-,-,-,-
811,2019-02-09,-,-,-,-,-,-
812,2019-02-08,-,-,-,-,-,-
813,2019-02-07,-,-,-,-,-,-
814,2019-02-06,-,-,-,-,-,-
815,2019-02-05,-,-,-,-,-,-
816,2019-02-04,-,-,-,-,-,-
817,2019-02-03,-,-,-,-,-,-
818,2019-02-02,-,-,-,-,-,-
819,2019-02-01,-,-,-,-,-,-
820,2019-01-31,-,-,-,-,-,-
821,2019-01-30,-,-,-,-,-,-
822,2019-01-29,-,-,-,-,-,-
823,2019-01-28,-,-,-,-,-,-
824,2019-01-27,-,-,-,-,-,-
825,2019-01-26,-,-,-,-,-,-
826,2019-01-25,-,-,-,-,-,-
827,2019-01-24,-,-,-,-,-,-
828,2019-01-23,-,-,-,-,-,-
829,2019-01-22,-,-,-,-,-,-
830,2019-01-21,-,-,-,-,-,-
831,2019-01-20,-,-,-,-,-,-
832,2019-01-19,-,-,-,-,-,-
833,2019-01-18,-,-,-,-,-,-
834,2019-01-17,-,-,-,-,-,-
835,2019-01-16,-,-,-,-,-,-
836,2019-01-15,-,-,-,-,-,-
837,2019-01-14,-,-,-,-,-,-
838,2019-01-13,-,-,-,-,-,-
839,2019-01-12,-,-,-,-,-,-
840,2019-01-11,-,-,-,-,-,-
841,2019-01-10,-,-,-,-,-,-
842,2019-01-09,-,-,-,-,-,-
843,2019-01-08,-,-,-,-,-,-
844,2019-01-07,-,-,-,-,-,-
845,2019-01-06,-,-,-,-,-,-
846,2019-01-05,-,-,-,-,-,-
847,2019-01-04,-,-,-,-,-,-
848,2019-01-03,-,-,-,-,-,-
849,2019-01-02,-,-,-,-,-,-
850,2019-01-01,-,-,-,-,-,-
851,2018-12-31,-,-,-,-,-,-
852,2018-12-30,-,-,-,-,-,-
853,2018-12-29,-,-,-,-,-,-
854,2018-12-28,-,-,-,-,-,-
855,2018-12-27,-,-,-,-,-,-
856,2018-12-26,-,-,-,-,-,-
857,2018-12-25,-,-,-,-,-,-
858,2018-12-24,-,-,-,-,-,-
859,2018-12-23,-,-,-,-,-,-
860,2018-12-22,-,-,-,-,-,-
861,2018-12-21,-,-,-,-,-,-
862,2018-12-20,-,-,-,-,-,-
863,2018-12-19,-,-,-,-,-,-
864,2018-12-18,-,-,-,-,-,-
865,2018-12-17,-,-,-,-,-,-
866,2018-12-16,-,-,-,-,-,-
867,2018-12-15,-,-,-,-,-,-
868,2018-12-14,-,-,-,-,-,-
869,2018-12-13,-,-,-,-,-,-
870,2018-12-12,-,-,-,-,-,-
871,2018-12-11,-,-,-,-,-,-
872,2018-12-10,-,-,-,-,-,-
873,2018-12-09,-,-,-,-,-,-
874,2018-12-08,-,-,-,-,-,-
875,2018-12-07,-,-,-,-,-,-
876,2018-12-06,-,-,-,-,-,-
877,2018-12-05,-,-,-,-,-,-
878,2018-12-04,-,-,-,-,-,-
879,2018-12-03,-,-,-,-,-,-
880,2018-12-02,-,-,-,-,-,-
881,2018-12-01,-,-,-,-,-,-
882,2018-11-30,-,-,-,-,-,-
883,2018-11-29,-,-,-,-,-,-
884,2018-11-28,-,-,-,-,-,-
885,2018-11-27,-,-,-,-,-,-
886,2018-11-26,-,-,-,-,-,-
887,2018-11-25,-,-,-,-,-,-
888,2018-11-24,-,-,-,-,-,-
889,2018-11-23,-,-,-,-,-,-
890,2018-11-22,-,-,-,-,-,-
891,2018-11-21,-,-,-,-,-,-
892,2018-11-20,-,-,-,-,-,-
893,2018-11-19,-,-,-,-,-,-
894,2018-11-18,-,-,-,-,-,-
895,2018-11-17,-,-,-,-,-,-
896,2018-11-16,-,-,-,-,-,-
897,2018-11-15,-,-,-,-,-,-
898,2018-11-14,-,-,-,-,-,-
899,2018-11-13,-,-,-,-,-,-
900,2018-11-12,-,-,-,-,-,-
901,2018-11-11,-,-,-,-,-,-
902,2018-11-10,-,-,-,-,-,-
903,2018-11-09,-,-,-,-,-,-
904,2018-11-08,-,-,-,-,-,-
905,2018-11-07,-,-,-,-,-,-
906,2018-11-06,-,-,-,-,-,-
907,2018-11-05,-,-,-,-,-,-
908,2018-11-04,-,-,-,-,-,-
909,2018-11-03,-,-,-,-,-,-
910,2018-11-02,-,-,-,-,-,-
911,2018-11-01,-,-,-,-,-,-
912,2018-10-31,-,-,-,-,-,-
913,2018-10-30,-,-,-,-,-,-
914,2018-10-29,-,-,-,-,-,-
915,2018-10-28,-,-,-,-,-,-
916,2018-10-27,-,-,-,-,-,-
917,2018-10-26,-,-,-,-,-,-
918,2018-10-25,-,-,-,-,-,-
919,2018-10-24,-,-,-,-,-,-
920,2018-10-23,-,-,-,-,-,-
921,2018-10-22,-,-,-,-,-,-
922,2018-10-21,-,-,-,-,-,-
923,2018-10-20,-,-,-,-,-,-
924,2018-10-19,-,-,-,-,-,-
925,2018-10-18,-,-,-,-,-,-
926,2018-10-17,-,-,-,-,-,-
927,2018-10-16,-,-,-,-,-,-
928,2018-10-15,-,-,-,-,-,-
929,2018-10-14,-,-,-,-,-,-
930,2018-10-13,-,-,-,-,-,-
931,2018-10-12,-,-,-,-,-,-
932,2018-10-11,-,-,-,-,-,-
933,2018-10-10,-,-,-,-,-,-
934,2018-10-09,-,-,-,-,-,-
935,2018-10-08,-,-,-,-,-,-
936,2018-10-07,-,-,-,-,-,-
937,2018-10-06,-,-,-,-,-,-
938,2018-10-05,-,-,-,-,-,-
939,2018-10-04,-,-,-,-,-,-
940,2018-10-03,-,-,-,-,-,-
941,2018-10-02,-,-,-,-,-,-
942,2018-10-01,-,-,-,-,-,-
943,2018-09-30,-,-,-,-,-,-
944,2018-09-29,-,-,-,-,-,-
945,2018-09-28,-,-,-,-,-,-
946,2018-09-27,-,-,-,-,-,-
947,2018-09-26,-,-,-,-,-,-
948,2018-09-25,-,-,-,-,-,-
949,2018-09-24,-,-,-,-,-,-
950,2018-09-23,-,-,-,-,-,-
951,2018-09-22,-,-,-,-,-,-
952,2018-09-21,-,-,-,-,-,-
953,2018-09-20,-,-,-,-,-,-
954,2018-09-19,-,-,-,-,-,-
955,2018-09-18,-,-,-,-,-,-
956,2018-09-17,-,-,-,-,-,-
957,2018-09-16,-,-,-,-,-,-
958,2018-09-15,-,-,-,-,-,-
959,2018-09-14,-,-,-,-,-,-
960,2018-09-13,-,-,-,-,-,-
961,2018-09-12,-,-,-,-,-,-
962,2018-09-11,-,-,-,-,-,-
963,2018-09-10,-,-,-,-,-,-
964,2018-09-09,-,-,-,-,-,-
965,2018-09-08,-,-,-,-,-,-
966,2018-09-07,-,-,-,-,-,-
967,2018-09-06,-,-,-,-,-,-
968,2018-09-05,-,-,-,-,-,-
969,2018-09-04,-,-,-,-,-,-
970,2018-09-03,-,-,-,-,-,-
971,2018-09-02,-,-,-,-,-,-
972,2018-09-01,-,-,-,-,-,-
973,2018-08-31,-,-,-,-,-,-
974,2018-08-30,-,-,-,-,-,-
975,2018-08-29,95,-,-,-,-,-
976,2018-08-28,180,-,-,-,-,-
977,2018-08-27,-,-,-,-,-,-
978,2018-08-26,-,95,95,95,95,95
979,2018-08-25,-,180,180,180,180,180
980,2018-08-24,114,-,-,-,-,-
981,2018-08-23,122,-,-,-,-,-
982,2018-08-22,108,-,-,-,-,-
983,2018-08-21,94,114,114,114,114,114
984,2018-08-20,109,122,122,122,122,122
985,2018-08-19,55,108,108,108,108,108
986,2018-08-18,87,94,94,94,94,94
987,2018-08-17,127,109,109,109,109,109
988,2018-08-16,146,55,55,55,55,55
989,2018-08-15,299,87,87,87,87,87
990,2018-08-14,219,127,127,127,127,127
991,2018-08-13,184,146,146,146,146,146
992,2018-08-12,102,299,299,299,299,299
993,2018-08-11,67,219,219,219,219,219
994,2018-08-10,110,184,184,184,184,184
995,2018-08-09,88,102,102,102,102,102
996,2018-08-08,143,67,67,67,67,67
997,2018-08-07,106,110,110,110,110,110
998,2018-08-06,128,88,88,88,88,88
999,2018-08-05,119,143,143,143,143,143
1000,2018-08-04,111,106,106,106,106,106
1001,2018-08-03,171,128,128,128,128,128
1002,2018-08-02,-,119,119,119,119,119
1003,2018-08-01,-,111,111,111,111,111
1004,2018-07-31,-,171,171,171,171,171
1005,2018-07-30,-,-,-,-,-,-
1006,2018-07-29,-,-,-,-,-,-
1007,2018-07-28,89,-,-,-,-,-
1008,2018-07-27,-,-,-,-,-,-
1009,2018-07-26,-,-,-,-,-,-
1010,2018-07-25,-,89,89,89,89,89
1011,2018-07-24,-,-,-,-,-,-
1012,2018-07-23,-,-,-,-,-,-
1013,2018-07-22,-,-,-,-,-,-
1014,2018-07-21,-,-,-,-,-,-
1015,2018-07-20,-,-,-,-,-,-
1016,2018-07-19,-,-,-,-,-,-
1017,2018-07-18,-,-,-,-,-,-
1018,2018-07-17,-,-,-,-,-,-
1019,2018-07-16,-,-,-,-,-,-
1020,2018-07-15,-,-,-,-,-,-
1021,2018-07-14,-,-,-,-,-,-
1022,2018-07-13,-,-,-,-,-,-
1023,2018-07-12,-,-,-,-,-,-
1024,2018-07-11,-,-,-,-,-,-
1025,2018-07-10,-,-,-,-,-,-
1026,2018-07-09,-,-,-,-,-,-
1027,2018-07-08,47,-,-,-,-,-
1028,2018-07-07,48,-,-,-,-,-
1029,2018-07-06,60,-,-,-,-,-
1030,2018-07-05,-,47,47,47,47,47
1031,2018-07-04,-,48,48,48,48,48
1032,2018-07-03,-,60,60,60,60,60
1033,2018-07-02,-,-,-,-,-,-
1034,2018-07-01,-,-,-,-,-,-
1035,2018-06-30,-,-,-,-,-,-
1036,2018-06-29,-,-,-,-,-,-
1037,2018-06-28,-,-,-,-,-,-
1038,2018-06-27,85,-,-,-,-,-
1039,2018-06-26,105,-,-,-,-,-
1040,2018-06-25,107,-,-,-,-,-
1041,2018-06-24,67,85,85,85,85,85
1042,2018-06-23,60,105,105,105,105,105
1043,2018-06-22,65,107,107,107,107,107
1044,2018-06-21,54,67,67,67,67,67
1045,2018-06-20,55,60,60,60,60,60
1046,2018-06-19,47,65,65,65,65,65
1047,2018-06-18,36,54,54,54,54,54
1048,2018-06-17,40,55,55,55,55,55
1049,2018-06-16,-,47,47,47,47,47
1050,2018-06-15,-,36,36,36,36,36
1051,2018-06-14,-,40,40,40,40,40
1052,2018-06-13,-,-,-,-,-,-
1053,2018-06-12,-,-,-,-,-,-
1054,2018-06-11,-,-,-,-,-,-
1055,2018-06-10,-,-,-,-,-,-
1056,2018-06-09,-,-,-,-,-,-
1057,2018-06-08,-,-,-,-,-,-
1058,2018-06-07,-,-,-,-,-,-
1059,2018-06-06,-,-,-,-,-,-
1060,2018-06-05,14,-,-,-,-,-
1061,2018-06-04,8,-,-,-,-,-
1062,2018-06-03,-,-,-,-,-,-
1063,2018-06-02,-,14,14,14,14,14
1064,2018-06-01,-,8,8,8,8,8
1065,2018-05-31,-,-,-,-,-,-
1066,2018-05-30,-,-,-,-,-,-
1067,2018-05-29,8,-,-,-,-,-
1068,2018-05-28,-,-,-,-,-,-
1069,2018-05-27,-,-,-,-,-,-
1070,2018-05-26,-,8,8,8,8,8
1071,2018-05-25,4,-,-,-,-,-
1072,2018-05-24,4,-,-,-,-,-
1073,2018-05-23,3,-,-,-,-,-
1074,2018-05-22,3,4,4,4,4,4
1075,2018-05-21,4,4,4,4,4,4
1076,2018-05-20,2,3,3,3,3,3
1077,2018-05-19,-,3,3,3,3,3
1078,2018-05-18,-,4,4,4,4,4
1079,2018-05-17,55,2,2,2,2,2
1080,2018-05-16,82,-,-,-,-,-
1081,2018-05-15,94,-,-,-,-,-
1082,2018-05-14,121,55,55,55,55,55
1083,2018-05-13,135,82,82,82,82,82
1084,2018-05-12,123,94,94,94,94,94
1085,2018-05-11,86,121,121,121,121,121
1086,2018-05-10,88,135,135,135,135,135
1087,2018-05-09,78,123,123,123,123,123
1088,2018-05-08,73,86,86,86,86,86
1089,2018-05-07,62,88,88,88,88,88
1090,2018-05-06,83,78,78,78,78,78
1091,2018-05-05,61,73,73,73,73,73
1092,2018-05-04,-,62,62,62,62,62
1093,2018-05-03,-,83,83,83,83,83
1094,2018-05-02,-,61,61,61,61,61
1095,2018-05-01,-,-,-,-,-,-
1096,2018-04-30,-,-,-,-,-,-
1097,2018-04-29,-,-,-,-,-,-
1098,2018-04-28,-,-,-,-,-,-
1099,2018-04-27,-,-,-,-,-,-
1100,2018-04-26,-,-,-,-,-,-
1101,2018-04-25,68,-,-,-,-,-
1102,2018-04-24,111,-,-,-,-,-
1103,2018-04-23,109,-,-,-,-,-
1104,2018-04-22,99,68,68,68,68,68
1105,2018-04-21,93,111,111,111,111,111
1106,2018-04-20,100,109,109,109,109,109
1107,2018-04-19,107,99,99,99,99,99
1108,2018-04-18,105,93,93,93,93,93
1109,2018-04-17,117,100,100,100,100,100
1110,2018-04-16,112,107,107,107,107,107
1111,2018-04-15,42,105,105,105,105,105
1112,2018-04-14,124,117,117,117,117,117
1113,2018-04-13,115,112,112,112,112,112
1114,2018-04-12,119,42,42,42,42,42
1115,2018-04-11,126,124,124,124,124,124
1116,2018-04-10,50,115,115,115,115,115
1117,2018-04-09,24,119,119,119,119,119
1118,2018-04-08,63,126,126,126,126,126
1119,2018-04-07,-,50,50,50,50,50
1120,2018-04-06,-,24,24,24,24,24
1121,2018-04-05,-,63,63,63,63,63
1122,2018-04-04,-,-,-,-,-,-
1123,2018-04-03,44,-,-,-,-,-
1124,2018-04-02,42,-,-,-,-,-
1125,2018-04-01,40,-,-,-,-,-
1126,2018-03-31,-,44,44,44,44,44
1127,2018-03-30,-,42,42,42,42,42
1128,2018-03-29,29,40,40,40,40,40
1129,2018-03-28,6,-,-,-,-,-
1130,2018-03-27,94,-,-,-,-,-
1131,2018-03-26,123,29,29,29,29,29
1132,2018-03-25,158,6,6,6,6,6
1133,2018-03-24,118,94,94,94,94,94
1134,2018-03-23,113,123,123,123,123,123
1135,2018-03-22,83,158,158,158,158,158
1136,2018-03-21,73,118,118,118,118,118
1137,2018-03-20,71,113,113,113,113,113
1138,2018-03-19,46,83,83,83,83,83
1139,2018-03-18,91,73,73,73,73,73
1140,2018-03-17,100,71,71,71,71,71
1141,2018-03-16,110,46,46,46,46,46
1142,2018-03-15,118,91,91,91,91,91
1143,2018-03-14,131,100,100,100,100,100
1144,2018-03-13,148,110,110,110,110,110
1145,2018-03-12,143,118,118,118,118,118
1146,2018-03-11,128,131,131,131,131,131
1147,2018-03-10,126,148,148,148,148,148
1148,2018-03-09,110,143,143,143,143,143
1149,2018-03-08,76,128,128,128,128,128
1150,2018-03-07,103,126,126,126,126,126
1151,2018-03-06,100,110,110,110,110,110
1152,2018-03-05,70,76,76,76,76,76
1153,2018-03-04,64,103,103,103,103,103
1154,2018-03-03,67,100,100,100,100,100
1155,2018-03-02,55,70,70,70,70,70
1156,2018-03-01,57,64,64,64,64,64
1157,2018-02-28,61,67,67,67,67,67
1158,2018-02-27,52,55,55,55,55,55
1159,2018-02-26,69,57,57,57,57,57
1160,2018-02-25,110,61,61,61,61,61
1161,2018-02-24,146,52,52,52,52,52
1162,2018-02-23,83,69,69,69,69,69
1163,2018-02-22,108,110,110,110,110,110
1164,2018-02-21,125,146,146,146,146,146
1165,2018-02-20,96,83,83,83,83,83
1166,2018-02-19,79,108,108,108,108,108
1167,2018-02-18,111,125,125,125,125,125
1168,2018-02-17,142,96,96,96,96,96
1169,2018-02-16,99,79,79,79,79,79
1170,2018-02-15,93,111,111,111,111,111
1171,2018-02-14,144,142,142,142,142,142
1172,2018-02-13,129,99,99,99,99,99
1173,2018-02-12,140,93,93,93,93,93
1174,2018-02-11,102,144,144,144,144,144
1175,2018-02-10,85,129,129,129,129,129
1176,2018-02-09,63,140,140,140,140,140
1177,2018-02-08,59,102,102,102,102,102
1178,2018-02-07,109,85,85,85,85,85
1179,2018-02-06,131,63,63,63,63,63
1180,2018-02-05,105,59,59,59,59,59
1181,2018-02-04,121,109,109,109,109,109
1182,2018-02-03,117,131,131,131,131,131
1183,2018-02-02,132,105,105,105,105,105
1184,2018-02-01,148,121,121,121,121,121
1185,2018-01-31,121,117,117,117,117,117
1186,2018-01-30,142,132,132,132,132,132
1187,2018-01-29,160,148,148,148,148,148
1188,2018-01-28,150,121,121,121,121,121
1189,2018-01-27,127,142,142,142,142,142
1190,2018-01-26,142,160,160,160,160,160
1191,2018-01-25,67,150,150,150,150,150
1192,2018-01-24,80,127,127,127,127,127
1193,2018-01-23,86,142,142,142,142,142
1194,2018-01-22,86,67,67,67,67,67
1195,2018-01-21,79,80,80,80,80,80
1196,2018-01-20,58,86,86,86,86,86
1197,2018-01-19,68,86,86,86,86,86
1198,2018-01-18,64,79,79,79,79,79
1199,2018-01-17,32,58,58,58,58,58
1200,2018-01-16,40,68,68,68,68,68
1201,2018-01-15,16,64,64,64,64,64
1202,2018-01-14,24,32,32,32,32,32
1203,2018-01-13,30,40,40,40,40,40
1204,2018-01-12,18,16,16,16,16,16
1205,2018-01-11,9,24,24,24,24,24
1206,2018-01-10,19,30,30,30,30,30
1207,2018-01-09,38,18,18,18,18,18
1208,2018-01-08,27,9,9,9,9,9
1209,2018-01-07,23,19,19,19,19,19
1210,2018-01-06,18,38,38,38,38,38
1211,2018-01-05,23,27,27,27,27,27
1212,2018-01-04,23,23,23,23,23,23
1213,2018-01-03,36,18,18,18,18,18
1214,2018-01-02,33,23,23,23,23,23
1215,2018-01-01,-,23,23,23,23,23
1216,2017-12-31,26,36,36,36,36,36
1217,2017-12-30,19,33,33,33,33,33
1218,2017-12-29,18,-,-,-,-,-
1219,2017-12-28,9,26,26,26,26,26
1220,2017-12-27,141,19,19,19,19,19
1221,2017-12-26,154,18,18,18,18,18
1222,2017-12-25,55,9,9,9,9,9
1223,2017-12-24,30,141,141,141,141,141
1224,2017-12-23,54,154,154,154,154,154
1225,2017-12-22,48,55,55,55,55,55
1226,2017-12-21,42,30,30,30,30,30
1227,2017-12-20,48,54,54,54,54,54
1228,2017-12-19,50,48,48,48,48,48
1229,2017-12-18,38,42,42,42,42,42
1230,2017-12-17,-,48,48,48,48,48
1231,2017-12-16,-,50,50,50,50,50
1232,2017-12-15,-,38,38,38,38,38
1233,2017-12-14,33,-,-,-,-,-
1234,2017-12-13,56,-,-,-,-,-
1235,2017-12-12,54,-,-,-,-,-
1236,2017-12-11,59,33,33,33,33,33
1237,2017-12-10,42,56,56,56,56,56
1238,2017-12-09,30,54,54,54,54,54
1239,2017-12-08,14,59,59,59,59,59
1240,2017-12-07,17,42,42,42,42,42
1241,2017-12-06,49,30,30,30,30,30
1242,2017-12-05,-,14,14,14,14,14
1243,2017-12-04,-,17,17,17,17,17
1244,2017-12-03,-,49,49,49,49,49
1245,2017-12-02,46,-,-,-,-,-
1246,2017-12-01,20,-,-,-,-,-
1247,2017-11-30,38,-,-,-,-,-
1248,2017-11-29,53,46,46,46,46,46
1249,2017-11-28,26,20,20,20,20,20
1250,2017-11-27,-,38,38,38,38,38
1251,2017-11-26,-,53,53,53,53,53
1252,2017-11-25,98,26,26,26,26,26
1253,2017-11-24,79,-,-,-,-,-
1254,2017-11-23,58,-,-,-,-,-
1255,2017-11-22,45,98,98,98,98,98
1256,2017-11-21,39,79,79,79,79,79
1257,2017-11-20,68,58,58,58,58,58
1258,2017-11-19,52,45,45,45,45,45
1259,2017-11-18,53,39,39,39,39,39
1260,2017-11-17,-,68,68,68,68,68
1261,2017-11-16,-,52,52,52,52,52
1262,2017-11-15,40,53,53,53,53,53
1263,2017-11-14,26,-,-,-,-,-
1264,2017-11-13,-,-,-,-,-,-
1265,2017-11-12,-,40,40,40,40,40
1266,2017-11-11,-,26,26,26,26,26
1267,2017-11-10,-,-,-,-,-,-
1268,2017-11-09,-,-,-,-,-,-
1269,2017-11-08,-,-,-,-,-,-
1270,2017-11-07,-,-,-,-,-,-
1271,2017-11-06,-,-,-,-,-,-
1272,2017-11-05,50,-,-,-,-,-
1273,2017-11-04,45,-,-,-,-,-
1274,2017-11-03,63,-,-,-,-,-
1275,2017-11-02,72,50,50,50,50,50
1276,2017-11-01,-,45,45,45,45,45
1277,2017-10-31,-,63,63,63,63,63
1278,2017-10-30,53,72,72,72,72,72
1279,2017-10-29,36,-,-,-,-,-
1280,2017-10-28,62,-,-,-,-,-
1281,2017-10-27,59,53,53,53,53,53
1282,2017-10-26,61,36,36,36,36,36
1283,2017-10-25,-,62,62,62,62,62
1284,2017-10-24,-,59,59,59,59,59
1285,2017-10-23,-,61,61,61,61,61
1286,2017-10-22,-,-,-,-,-,-
1287,2017-10-21,-,-,-,-,-,-
1288,2017-10-20,-,-,-,-,-,-
1289,2017-10-19,-,-,-,-,-,-
1290,2017-10-18,44,-,-,-,-,-
1291,2017-10-17,44,-,-,-,-,-
1292,2017-10-16,57,-,-,-,-,-
1293,2017-10-15,-,44,44,44,44,44
1294,2017-10-14,46,44,44,44,44,44
1295,2017-10-13,32,57,57,57,57,57
1296,2017-10-12,60,-,-,-,-,-
1297,2017-10-11,67,46,46,46,46,46
1298,2017-10-10,46,32,32,32,32,32
1299,2017-10-09,41,60,60,60,60,60
1300,2017-10-08,48,67,67,67,67,67
1301,2017-10-07,91,46,46,46,46,46
1302,2017-10-06,70,41,41,41,41,41
1303,2017-10-05,-,48,48,48,48,48
1304,2017-10-04,-,91,91,91,91,91
1305,2017-10-03,62,70,70,70,70,70
1306,2017-10-02,82,-,-,-,-,-
1307,2017-10-01,35,-,-,-,-,-
1308,2017-09-30,90,62,62,62,62,62
1309,2017-09-29,57,82,82,82,82,82
1310,2017-09-28,58,35,35,35,35,35
1311,2017-09-27,51,90,90,90,90,90
1312,2017-09-26,38,57,57,57,57,57
1313,2017-09-25,39,58,58,58,58,58
1314,2017-09-24,62,51,51,51,51,51
1315,2017-09-23,66,38,38,38,38,38
1316,2017-09-22,64,39,39,39,39,39
1317,2017-09-21,49,62,62,62,62,62
1318,2017-09-20,11,66,66,66,66,66
1319,2017-09-19,8,64,64,64,64,64
1320,2017-09-18,5,49,49,49,49,49
1321,2017-09-17,7,11,11,11,11,11
1322,2017-09-16,5,8,8,8,8,8
1323,2017-09-15,5,5,5,5,5,5
1324,2017-09-14,7,7,7,7,7,7
1325,2017-09-13,5,5,5,5,5,5
1326,2017-09-12,36,5,5,5,5,5
1327,2017-09-11,64,7,7,7,7,7
1328,2017-09-10,46,5,5,5,5,5
1329,2017-09-09,57,36,36,36,36,36
1330,2017-09-08,47,64,64,64,64,64
1331,2017-09-07,39,46,46,46,46,46
1332,2017-09-06,61,57,57,57,57,57
1333,2017-09-05,51,47,47,47,47,47
1334,2017-09-04,55,39,39,39,39,39
1335,2017-09-03,58,61,61,61,61,61
1336,2017-09-02,63,51,51,51,51,51
1337,2017-09-01,47,55,55,55,55,55
1338,2017-08-31,82,58,58,58,58,58
1339,2017-08-30,96,63,63,63,63,63
1340,2017-08-29,-,47,47,47,47,47
1341,2017-08-28,-,82,82,82,82,82
1342,2017-08-27,-,96,96,96,96,96
1343,2017-08-26,-,-,-,-,-,-
1344,2017-08-25,-,-,-,-,-,-
1345,2017-08-24,72,-,-,-,-,-
1346,2017-08-23,59,-,-,-,-,-
1347,2017-08-22,62,-,-,-,-,-
1348,2017-08-21,45,72,72,72,72,72
1349,2017-08-20,49,59,59,59,59,59
1350,2017-08-19,47,62,62,62,62,62
1351,2017-08-18,22,45,45,45,45,45
1352,2017-08-17,10,49,49,49,49,49
1353,2017-08-16,12,47,47,47,47,47
1354,2017-08-15,8,22,22,22,22,22
1355,2017-08-14,10,10,10,10,10,10
1356,2017-08-13,-,12,12,12,12,12
1357,2017-08-12,14,8,8,8,8,8
1358,2017-08-11,7,10,10,10,10,10
1359,2017-08-10,7,-,-,-,-,-
1360,2017-08-09,10,14,14,14,14,14
1361,2017-08-08,9,7,7,7,7,7
1362,2017-08-07,6,7,7,7,7,7
1363,2017-08-06,8,10,10,10,10,10
1364,2017-08-05,10,9,9,9,9,9
1365,2017-08-04,-,6,6,6,6,6
1366,2017-08-03,4,8,8,8,8,8
1367,2017-08-02,6,10,10,10,10,10
1368,2017-08-01,21,-,-,-,-,-
1369,2017-07-31,52,4,4,4,4,4
1370,2017-07-30,54,6,6,6,6,6
1371,2017-07-29,68,21,21,21,21,21
1372,2017-07-28,56,52,52,52,52,52
1373,2017-07-27,53,54,54,54,54,54
1374,2017-07-26,64,68,68,68,68,68
1375,2017-07-25,87,56,56,56,56,56
1376,2017-07-24,73,53,53,53,53,53
1377,2017-07-23,73,64,64,64,64,64
1378,2017-07-22,83,87,87,87,87,87
1379,2017-07-21,81,73,73,73,73,73
1380,2017-07-20,71,73,73,73,73,73
1381,2017-07-19,85,83,83,83,83,83
1382,2017-07-18,74,81,81,81,81,81
1383,2017-07-17,65,71,71,71,71,71
1384,2017-07-16,66,85,85,85,85,85
1385,2017-07-15,66,74,74,74,74,74
1386,2017-07-14,60,65,65,65,65,65
1387,2017-07-13,60,66,66,66,66,66
1388,2017-07-12,68,66,66,66,66,66
1389,2017-07-11,61,60,60,60,60,60
1390,2017-07-10,57,60,60,60,60,60
1391,2017-07-09,70,68,68,68,68,68
1392,2017-07-08,-,61,61,61,61,61
1393,2017-07-07,75,57,57,57,57,57
1394,2017-07-06,56,70,70,70,70,70
1395,2017-07-05,64,-,-,-,-,-
1396,2017-07-04,78,75,75,75,75,75
1397,2017-07-03,65,56,56,56,56,56
1398,2017-07-02,72,64,64,64,64,64
1399,2017-07-01,60,78,78,78,78,78
1400,2017-06-30,61,65,65,65,65,65
1401,2017-06-29,55,72,72,72,72,72
1402,2017-06-28,81,60,60,60,60,60
1403,2017-06-27,102,61,61,61,61,61
1404,2017-06-26,136,55,55,55,55,55
1405,2017-06-25,-,81,81,81,81,81
1406,2017-06-24,68,102,102,102,102,102
1407,2017-06-23,87,136,136,136,136,136
1408,2017-06-22,106,-,-,-,-,-
1409,2017-06-21,116,68,68,68,68,68
1410,2017-06-20,83,87,87,87,87,87
1411,2017-06-19,88,106,106,106,106,106
1412,2017-06-18,83,116,116,116,116,116
1413,2017-06-17,79,83,83,83,83,83
1414,2017-06-16,84,88,88,88,88,88
1415,2017-06-15,92,83,83,83,83,83
1416,2017-06-14,101,79,79,79,79,79
1417,2017-06-13,94,84,84,84,84,84
1418,2017-06-12,83,92,92,92,92,92
1419,2017-06-11,48,101,101,101,101,101
1420,2017-06-10,55,94,94,94,94,94
1421,2017-06-09,14,83,83,83,83,83
1422,2017-06-08,-,48,48,48,48,48
1423,2017-06-07,39,55,55,55,55,55
1424,2017-06-06,26,14,14,14,14,14
1425,2017-06-05,30,-,-,-,-,-
1426,2017-06-04,53,39,39,39,39,39
1427,2017-06-03,113,26,26,26,26,26
1428,2017-06-02,-,30,30,30,30,30
1429,2017-06-01,-,53,53,53,53,53
1430,2017-05-31,-,113,113,113,113,113
1431,2017-05-30,78,-,-,-,-,-
1432,2017-05-29,98,-,-,-,-,-
1433,2017-05-28,72,-,-,-,-,-
1434,2017-05-27,82,78,78,78,78,78
1435,2017-05-26,87,98,98,98,98,98
1436,2017-05-25,83,72,72,72,72,72
1437,2017-05-24,126,82,82,82,82,82
1438,2017-05-23,156,87,87,87,87,87
1439,2017-05-22,151,83,83,83,83,83
1440,2017-05-21,150,126,126,126,126,126
1441,2017-05-20,131,156,156,156,156,156
1442,2017-05-19,137,151,151,151,151,151
1443,2017-05-18,142,150,150,150,150,150
1444,2017-05-17,-,131,131,131,131,131
1445,2017-05-16,-,137,137,137,137,137
1446,2017-05-15,160,142,142,142,142,142
1447,2017-05-14,151,-,-,-,-,-
1448,2017-05-13,92,-,-,-,-,-
1449,2017-05-12,88,160,160,160,160,160
1450,2017-05-11,-,151,151,151,151,151
1451,2017-05-10,108,92,92,92,92,92
1452,2017-05-09,110,88,88,88,88,88
1453,2017-05-08,106,-,-,-,-,-
1454,2017-05-07,99,108,108,108,108,108
1455,2017-05-06,78,110,110,110,110,110
1456,2017-05-05,80,106,106,106,106,106
1457,2017-05-04,68,99,99,99,99,99
1458,2017-05-03,74,78,78,78,78,78
1459,2017-05-02,75,80,80,80,80,80
1460,2017-05-01,73,68,68,68,68,68
1461,2017-04-30,69,74,74,74,74,74
1462,2017-04-29,77,75,75,75,75,75
1463,2017-04-28,96,73,73,73,73,73
1464,2017-04-27,136,69,69,69,69,69
1465,2017-04-26,116,77,77,77,77,77
1466,2017-04-25,101,96,96,96,96,96
1467,2017-04-24,82,136,136,136,136,136
1468,2017-04-23,76,116,116,116,116,116
1469,2017-04-22,80,101,101,101,101,101
1470,2017-04-21,77,82,82,82,82,82
1471,2017-04-20,70,76,76,76,76,76
1472,2017-04-19,78,80,80,80,80,80
1473,2017-04-18,71,77,77,77,77,77
1474,2017-04-17,62,70,70,70,70,70
1475,2017-04-16,63,78,78,78,78,78
1476,2017-04-15,59,71,71,71,71,71
1477,2017-04-14,98,62,62,62,62,62
1478,2017-04-13,125,63,63,63,63,63
1479,2017-04-12,123,59,59,59,59,59
1480,2017-04-11,128,98,98,98,98,98
1481,2017-04-10,140,125,125,125,125,125
1482,2017-04-09,113,123,123,123,123,123
1483,2017-04-08,74,128,128,128,128,128
1484,2017-04-07,-,140,140,140,140,140
1485,2017-04-06,-,113,113,113,113,113
1486,2017-04-05,-,74,74,74,74,74
1487,2017-04-04,45,-,-,-,-,-
1488,2017-04-03,39,-,-,-,-,-
1489,2017-04-02,39,-,-,-,-,-
1490,2017-04-01,53,45,45,45,45,45
1491,2017-03-31,59,39,39,39,39,39
1492,2017-03-30,59,39,39,39,39,39
1493,2017-03-29,69,53,53,53,53,53
1494,2017-03-28,70,59,59,59,59,59
1495,2017-03-27,171,59,59,59,59,59
1496,2017-03-26,-,69,69,69,69,69
1497,2017-03-25,158,70,70,70,70,70
1498,2017-03-24,159,171,171,171,171,171
1499,2017-03-23,115,-,-,-,-,-
1500,2017-03-22,80,158,158,158,158,158
1501,2017-03-21,102,159,159,159,159,159
1502,2017-03-20,104,115,115,115,115,115
1503,2017-03-19,104,80,80,80,80,80
1504,2017-03-18,81,102,102,102,102,102
1505,2017-03-17,106,104,104,104,104,104
1506,2017-03-16,65,104,104,104,104,104
1507,2017-03-15,24,81,81,81,81,81
1508,2017-03-14,-,106,106,106,106,106
1509,2017-03-13,-,65,65,65,65,65
1510,2017-03-12,-,24,24,24,24,24
1511,2017-03-11,-,-,-,-,-,-
1512,2017-03-10,84,-,-,-,-,-
1513,2017-03-09,115,-,-,-,-,-
1514,2017-03-08,147,-,-,-,-,-
1515,2017-03-07,82,84,84,84,84,84
1516,2017-03-06,114,115,115,115,115,115
1517,2017-03-05,120,147,147,147,147,147
1518,2017-03-04,-,82,82,82,82,82
1519,2017-03-03,129,114,114,114,114,114
1520,2017-03-02,141,120,120,120,120,120
1521,2017-03-01,129,-,-,-,-,-
1522,2017-02-28,112,129,129,129,129,129
1523,2017-02-27,81,141,141,141,141,141
1524,2017-02-26,62,129,129,129,129,129
1525,2017-02-25,68,112,112,112,112,112
1526,2017-02-24,100,81,81,81,81,81
1527,2017-02-23,90,62,62,62,62,62
1528,2017-02-22,-,68,68,68,68,68
1529,2017-02-21,-,100,100,100,100,100
1530,2017-02-20,169,90,90,90,90,90
1531,2017-02-19,164,-,-,-,-,-
1532,2017-02-18,143,-,-,-,-,-
1533,2017-02-17,131,169,169,169,169,169
1534,2017-02-16,144,164,164,164,164,164
1535,2017-02-15,164,143,143,143,143,143
1536,2017-02-14,152,131,131,131,131,131
1537,2017-02-13,154,144,144,144,144,144
1538,2017-02-12,114,164,164,164,164,164
1539,2017-02-11,90,152,152,152,152,152
1540,2017-02-10,91,154,154,154,154,154
1541,2017-02-09,76,114,114,114,114,114
1542,2017-02-08,112,90,90,90,90,90
1543,2017-02-07,119,91,91,91,91,91
1544,2017-02-06,156,76,76,76,76,76
1545,2017-02-05,147,112,112,112,112,112
1546,2017-02-04,81,119,119,119,119,119
1547,2017-02-03,85,156,156,156,156,156
1548,2017-02-02,72,147,147,147,147,147
1549,2017-02-01,113,81,81,81,81,81
1550,2017-01-31,82,85,85,85,85,85
1551,2017-01-30,42,72,72,72,72,72
1552,2017-01-29,31,113,113,113,113,113
1553,2017-01-28,8,82,82,82,82,82
1554,2017-01-27,62,42,42,42,42,42
1555,2017-01-26,139,31,31,31,31,31
1556,2017-01-25,143,8,8,8,8,8
1557,2017-01-24,83,62,62,62,62,62
1558,2017-01-23,65,139,139,139,139,139
1559,2017-01-22,80,143,143,143,143,143
1560,2017-01-21,84,83,83,83,83,83
1561,2017-01-20,163,65,65,65,65,65
1562,2017-01-19,121,80,80,80,80,80
1563,2017-01-18,135,84,84,84,84,84
1564,2017-01-17,139,163,163,163,163,163
1565,2017-01-16,78,121,121,121,121,121
1566,2017-01-15,37,135,135,135,135,135
1567,2017-01-14,61,139,139,139,139,139
1568,2017-01-13,99,78,78,78,78,78
1569,2017-01-12,154,37,37,37,37,37
1570,2017-01-11,130,61,61,61,61,61
1571,2017-01-10,75,99,99,99,99,99
1572,2017-01-09,75,154,154,154,154,154
1573,2017-01-08,87,130,130,130,130,130
1574,2017-01-07,96,75,75,75,75,75
1575,2017-01-06,114,75,75,75,75,75
1576,2017-01-05,123,87,87,87,87,87
1577,2017-01-04,109,96,96,96,96,96
1578,2017-01-03,98,114,114,114,114,114
1579,2017-01-02,87,123,123,123,123,123
1580,2017-01-01,70,109,109,109,109,109
1581,2016-12-31,72,98,98,98,98,98
1582,2016-12-30,95,87,87,87,87,87
1583,2016-12-29,63,70,70,70,70,70
1584,2016-12-28,96,72,72,72,72,72
1585,2016-12-27,120,95,95,95,95,95
1586,2016-12-26,115,63,63,63,63,63
1587,2016-12-25,-,96,96,96,96,96
1588,2016-12-24,-,120,120,120,120,120
1589,2016-12-23,-,115,115,115,115,115
1590,2016-12-22,-,-,-,-,-,-
1591,2016-12-21,-,-,-,-,-,-
1592,2016-12-20,146,-,-,-,-,-
1593,2016-12-19,120,-,-,-,-,-
1594,2016-12-18,78,-,-,-,-,-
1595,2016-12-17,-,146,146,146,146,146
1596,2016-12-16,-,120,120,120,120,120
1597,2016-12-15,-,78,78,78,78,78
1598,2016-12-14,6,-,-,-,-,-
1599,2016-12-13,-,-,-,-,-,-
1600,2016-12-12,139,-,-,-,-,-
1601,2016-12-11,132,6,6,6,6,6
1602,2016-12-10,-,-,-,-,-,-
1603,2016-12-09,-,139,139,139,139,139
1604,2016-12-08,-,132,132,132,132,132
1605,2016-12-07,76,-,-,-,-,-
1606,2016-12-06,49,-,-,-,-,-
1607,2016-12-05,75,-,-,-,-,-
1608,2016-12-04,-,76,76,76,76,76
1609,2016-12-03,-,49,49,49,49,49
1610,2016-12-02,115,75,75,75,75,75
1611,2016-12-01,-,-,-,-,-,-
1612,2016-11-30,75,-,-,-,-,-
1613,2016-11-29,70,115,115,115,115,115
1614,2016-11-28,78,-,-,-,-,-
1615,2016-11-27,84,75,75,75,75,75
1616,2016-11-26,92,70,70,70,70,70
1617,2016-11-25,74,78,78,78,78,78
1618,2016-11-24,108,84,84,84,84,84
1619,2016-11-23,64,92,92,92,92,92
1620,2016-11-22,56,74,74,74,74,74
1621,2016-11-21,82,108,108,108,108,108
1622,2016-11-20,121,64,64,64,64,64
1623,2016-11-19,128,56,56,56,56,56
1624,2016-11-18,112,82,82,82,82,82
1625,2016-11-17,80,121,121,121,121,121
1626,2016-11-16,105,128,128,128,128,128
1627,2016-11-15,86,112,112,112,112,112
1628,2016-11-14,86,80,80,80,80,80
1629,2016-11-13,-,105,105,105,105,105
1630,2016-11-12,-,86,86,86,86,86
1631,2016-11-11,-,86,86,86,86,86
1632,2016-11-10,91,-,-,-,-,-
1633,2016-11-09,123,-,-,-,-,-
1634,2016-11-08,-,-,-,-,-,-
1635,2016-11-07,-,91,91,91,91,91
1636,2016-11-06,-,123,123,123,123,123
1637,2016-11-05,-,-,-,-,-,-
1638,2016-11-04,-,-,-,-,-,-
1639,2016-11-03,-,-,-,-,-,-
1640,2016-11-02,-,-,-,-,-,-
1641,2016-11-01,-,-,-,-,-,-
1642,2016-10-31,-,-,-,-,-,-
1643,2016-10-30,-,-,-,-,-,-
1644,2016-10-29,-,-,-,-,-,-
1645,2016-10-28,-,-,-,-,-,-
1646,2016-10-27,-,-,-,-,-,-
1647,2016-10-26,-,-,-,-,-,-
1648,2016-10-25,-,-,-,-,-,-
1649,2016-10-24,-,-,-,-,-,-
1650,2016-10-23,-,-,-,-,-,-
1651,2016-10-22,-,-,-,-,-,-
1652,2016-10-21,-,-,-,-,-,-
1653,2016-10-20,-,-,-,-,-,-
1654,2016-10-19,-,-,-,-,-,-
1655,2016-10-18,-,-,-,-,-,-
1656,2016-10-17,63,-,-,-,-,-
1657,2016-10-16,69,-,-,-,-,-
1658,2016-10-15,71,-,-,-,-,-
1659,2016-10-14,74,63,63,63,63,63
1660,2016-10-13,56,69,69,69,69,69
1661,2016-10-12,45,71,71,71,71,71
1662,2016-10-11,21,74,74,74,74,74
1663,2016-10-10,27,56,56,56,56,56
1664,2016-10-09,-,45,45,45,45,45
1665,2016-10-08,-,21,21,21,21,21
1666,2016-10-07,-,27,27,27,27,27
1667,2016-10-06,-,-,-,-,-,-
1668,2016-10-05,-,-,-,-,-,-
1669,2016-10-04,-,-,-,-,-,-
1670,2016-10-03,77,-,-,-,-,-
1671,2016-10-02,85,-,-,-,-,-
1672,2016-10-01,100,-,-,-,-,-
1673,2016-09-30,117,77,77,77,77,77
1674,2016-09-29,112,85,85,85,85,85
1675,2016-09-28,66,100,100,100,100,100
1676,2016-09-27,56,117,117,117,117,117
1677,2016-09-26,99,112,112,112,112,112
1678,2016-09-25,136,66,66,66,66,66
1679,2016-09-24,73,56,56,56,56,56
1680,2016-09-23,52,99,99,99,99,99
1681,2016-09-22,59,136,136,136,136,136
1682,2016-09-21,-,73,73,73,73,73
1683,2016-09-20,-,52,52,52,52,52
1684,2016-09-19,-,59,59,59,59,59
1685,2016-09-18,-,-,-,-,-,-
1686,2016-09-17,68,-,-,-,-,-
1687,2016-09-16,142,-,-,-,-,-
1688,2016-09-15,-,-,-,-,-,-
1689,2016-09-14,-,68,68,68,68,68
1690,2016-09-13,-,142,142,142,142,142
1691,2016-09-12,-,-,-,-,-,-
1692,2016-09-11,88,-,-,-,-,-
1693,2016-09-10,71,-,-,-,-,-
1694,2016-09-09,71,-,-,-,-,-
1695,2016-09-08,15,88,88,88,88,88
1696,2016-09-07,-,71,71,71,71,71
1697,2016-09-06,-,71,71,71,71,71
1698,2016-09-05,-,15,15,15,15,15
1699,2016-09-04,-,-,-,-,-,-
1700,2016-09-03,-,-,-,-,-,-
1701,2016-09-02,-,-,-,-,-,-
1702,2016-09-01,-,-,-,-,-,-
1703,2016-08-31,-,-,-,-,-,-
1704,2016-08-30,-,-,-,-,-,-
1705,2016-08-29,50,-,-,-,-,-
1706,2016-08-28,59,-,-,-,-,-
1707,2016-08-27,-,-,-,-,-,-
1708,2016-08-26,-,50,50,50,50,50
1709,2016-08-25,-,59,59,59,59,59
1710,2016-08-24,14,-,-,-,-,-
1711,2016-08-23,11,-,-,-,-,-
1712,2016-08-22,14,-,-,-,-,-
1713,2016-08-21,10,14,14,14,14,14
1714,2016-08-20,8,11,11,11,11,11
1715,2016-08-19,-,14,14,14,14,14
1716,2016-08-18,-,10,10,10,10,10
1717,2016-08-17,8,8,8,8,8,8
1718,2016-08-16,-,-,-,-,-,-
1719,2016-08-15,-,-,-,-,-,-
1720,2016-08-14,-,8,8,8,8,8
1721,2016-08-13,-,-,-,-,-,-
1722,2016-08-12,-,-,-,-,-,-
1723,2016-08-11,-,-,-,-,-,-
1724,2016-08-10,-,-,-,-,-,-
1725,2016-08-09,-,-,-,-,-,-
1726,2016-08-08,-,-,-,-,-,-
1727,2016-08-07,-,-,-,-,-,-
1728,2016-08-06,-,-,-,-,-,-
1729,2016-08-05,-,-,-,-,-,-
1730,2016-08-04,-,-,-,-,-,-
1731,2016-08-03,-,-,-,-,-,-
1732,2016-08-02,150,-,-,-,-,-
1733,2016-08-01,78,-,-,-,-,-
1734,2016-07-31,72,-,-,-,-,-
1735,2016-07-30,79,150,150,150,150,150
1736,2016-07-29,79,78,78,78,78,78
1737,2016-07-28,69,72,72,72,72,72
1738,2016-07-27,73,79,79,79,79,79
1739,2016-07-26,81,79,79,79,79,79
1740,2016-07-25,104,69,69,69,69,69
1741,2016-07-24,64,73,73,73,73,73
1742,2016-07-23,77,81,81,81,81,81
1743,2016-07-22,-,104,104,104,104,104
1744,2016-07-21,-,64,64,64,64,64
1745,2016-07-20,-,77,77,77,77,77
1746,2016-07-19,-,-,-,-,-,-
1747,2016-07-18,-,-,-,-,-,-
1748,2016-07-17,-,-,-,-,-,-
1749,2016-07-16,85,-,-,-,-,-
1750,2016-07-15,85,-,-,-,-,-
1751,2016-07-14,102,-,-,-,-,-
1752,2016-07-13,84,85,85,85,85,85
1753,2016-07-12,72,85,85,85,85,85
1754,2016-07-11,61,102,102,102,102,102
1755,2016-07-10,74,84,84,84,84,84
1756,2016-07-09,71,72,72,72,72,72
1757,2016-07-08,71,61,61,61,61,61
1758,2016-07-07,29,74,74,74,74,74
1759,2016-07-06,27,71,71,71,71,71
1760,2016-07-05,26,71,71,71,71,71
1761,2016-07-04,13,29,29,29,29,29
1762,2016-07-03,15,27,27,27,27,27
1763,2016-07-02,15,26,26,26,26,26
1764,2016-07-01,13,13,13,13,13,13
1765,2016-06-30,15,15,15,15,15,15
1766,2016-06-29,76,15,15,15,15,15
1767,2016-06-28,53,13,13,13,13,13
1768,2016-06-27,25,15,15,15,15,15
1769,2016-06-26,18,76,76,76,76,76
1770,2016-06-25,13,53,53,53,53,53
1771,2016-06-24,148,25,25,25,25,25
1772,2016-06-23,139,18,18,18,18,18
1773,2016-06-22,89,13,13,13,13,13
1774,2016-06-21,102,148,148,148,148,148
1775,2016-06-20,95,139,139,139,139,139
1776,2016-06-19,100,89,89,89,89,89
1777,2016-06-18,101,102,102,102,102,102
1778,2016-06-17,112,95,95,95,95,95
1779,2016-06-16,106,100,100,100,100,100
1780,2016-06-15,125,101,101,101,101,101
1781,2016-06-14,-,112,112,112,112,112
1782,2016-06-13,-,106,106,106,106,106
1783,2016-06-12,-,125,125,125,125,125
1784,2016-06-11,141,-,-,-,-,-
1785,2016-06-10,143,-,-,-,-,-
1786,2016-06-09,143,-,-,-,-,-
1787,2016-06-08,-,141,141,141,141,141
1788,2016-06-07,-,143,143,143,143,143
1789,2016-06-06,-,143,143,143,143,143
1790,2016-06-05,98,-,-,-,-,-
1791,2016-06-04,74,-,-,-,-,-
1792,2016-06-03,91,-,-,-,-,-
1793,2016-06-02,66,98,98,98,98,98
1794,2016-06-01,-,74,74,74,74,74
1795,2016-05-31,-,91,91,91,91,91
1796,2016-05-30,62,66,66,66,66,66
1797,2016-05-29,86,-,-,-,-,-
1798,2016-05-28,102,-,-,-,-,-
1799,2016-05-27,92,62,62,62,62,62
1800,2016-05-26,116,86,86,86,86,86
1801,2016-05-25,150,102,102,102,102,102
1802,2016-05-24,167,92,92,92,92,92
1803,2016-05-23,-,116,116,116,116,116
1804,2016-05-22,-,150,150,150,150,150
1805,2016-05-21,123,167,167,167,167,167
1806,2016-05-20,114,-,-,-,-,-
1807,2016-05-19,137,-,-,-,-,-
1808,2016-05-18,118,123,123,123,123,123
1809,2016-05-17,89,114,114,114,114,114
1810,2016-05-16,104,137,137,137,137,137
1811,2016-05-15,70,118,118,118,118,118
1812,2016-05-14,101,89,89,89,89,89
1813,2016-05-13,143,104,104,104,104,104
1814,2016-05-12,132,70,70,70,70,70
1815,2016-05-11,134,101,101,101,101,101
1816,2016-05-10,136,143,143,143,143,143
1817,2016-05-09,125,132,132,132,132,132
1818,2016-05-08,126,134,134,134,134,134
1819,2016-05-07,134,136,136,136,136,136
1820,2016-05-06,136,125,125,125,125,125
1821,2016-05-05,98,126,126,126,126,126
1822,2016-05-04,125,134,134,134,134,134
1823,2016-05-03,115,136,136,136,136,136
1824,2016-05-02,110,98,98,98,98,98
1825,2016-05-01,-,125,125,125,125,125
1826,2016-04-30,-,115,115,115,115,115
1827,2016-04-29,-,110,110,110,110,110
1828,2016-04-28,-,-,-,-,-,-
1829,2016-04-27,-,-,-,-,-,-
1830,2016-04-26,-,-,-,-,-,-
1831,2016-04-25,-,-,-,-,-,-
1832,2016-04-24,-,-,-,-,-,-
1833,2016-04-23,-,-,-,-,-,-
1834,2016-04-22,-,-,-,-,-,-
1835,2016-04-21,-,-,-,-,-,-
1836,2016-04-20,-,-,-,-,-,-
1837,2016-04-19,-,-,-,-,-,-
1838,2016-04-18,-,-,-,-,-,-
1839,2016-04-17,-,-,-,-,-,-
1840,2016-04-16,-,-,-,-,-,-
1841,2016-04-15,-,-,-,-,-,-
1842,2016-04-14,-,-,-,-,-,-
1843,2016-04-13,-,-,-,-,-,-
1844,2016-04-12,-,-,-,-,-,-
1845,2016-04-11,-,-,-,-,-,-
1846,2016-04-10,-,-,-,-,-,-
1847,2016-04-09,-,-,-,-,-,-
1848,2016-04-08,-,-,-,-,-,-
1849,2016-04-07,-,-,-,-,-,-
1850,2016-04-06,-,-,-,-,-,-
1851,2016-04-05,34,-,-,-,-,-
1852,2016-04-04,27,-,-,-,-,-
1853,2016-04-03,-,-,-,-,-,-
1854,2016-04-02,16,34,34,34,34,34
1855,2016-04-01,10,27,27,27,27,27
1856,2016-03-31,-,-,-,-,-,-
1857,2016-03-30,-,16,16,16,16,16
1858,2016-03-29,159,10,10,10,10,10
1859,2016-03-28,143,-,-,-,-,-
1860,2016-03-27,157,-,-,-,-,-
1861,2016-03-26,-,159,159,159,159,159
1862,2016-03-25,-,143,143,143,143,143
1863,2016-03-24,-,157,157,157,157,157
1864,2016-03-23,-,-,-,-,-,-
1865,2016-03-22,188,-,-,-,-,-
1866,2016-03-21,168,-,-,-,-,-
1867,2016-03-20,-,-,-,-,-,-
1868,2016-03-19,-,188,188,188,188,188
1869,2016-03-18,-,168,168,168,168,168
1870,2016-03-17,-,-,-,-,-,-
1871,2016-03-16,-,-,-,-,-,-
1872,2016-03-15,99,-,-,-,-,-
1873,2016-03-14,30,-,-,-,-,-
1874,2016-03-13,14,-,-,-,-,-
1875,2016-03-12,9,99,99,99,99,99
1876,2016-03-11,6,30,30,30,30,30
1877,2016-03-10,-,14,14,14,14,14
1878,2016-03-09,-,9,9,9,9,9
1879,2016-03-08,-,6,6,6,6,6
1880,2016-03-07,20,-,-,-,-,-
1881,2016-03-06,20,-,-,-,-,-
1882,2016-03-05,18,-,-,-,-,-
1883,2016-03-04,6,20,20,20,20,20
1884,2016-03-03,8,20,20,20,20,20
1885,2016-03-02,12,18,18,18,18,18
1886,2016-03-01,78,6,6,6,6,6
1887,2016-02-29,-,8,8,8,8,8
1888,2016-02-28,87,12,12,12,12,12
1889,2016-02-27,41,78,78,78,78,78
1890,2016-02-26,-,-,-,-,-,-
1891,2016-02-25,-,87,87,87,87,87
1892,2016-02-24,-,41,41,41,41,41
1893,2016-02-23,-,-,-,-,-,-
1894,2016-02-22,-,-,-,-,-,-
1895,2016-02-21,-,-,-,-,-,-
1896,2016-02-20,-,-,-,-,-,-
1897,2016-02-19,-,-,-,-,-,-
1898,2016-02-18,-,-,-,-,-,-
1899,2016-02-17,-,-,-,-,-,-
1900,2016-02-16,-,-,-,-,-,-
1901,2016-02-15,-,-,-,-,-,-
1902,2016-02-14,-,-,-,-,-,-
1903,2016-02-13,-,-,-,-,-,-
1904,2016-02-12,-,-,-,-,-,-
1905,2016-02-11,-,-,-,-,-,-
1906,2016-02-10,-,-,-,-,-,-
1907,2016-02-09,-,-,-,-,-,-
1908,2016-02-08,-,-,-,-,-,-
1909,2016-02-07,-,-,-,-,-,-
1910,2016-02-06,-,-,-,-,-,-
1911,2016-02-05,-,-,-,-,-,-
1912,2016-02-04,-,-,-,-,-,-
1913,2016-02-03,-,-,-,-,-,-
1914,2016-02-02,-,-,-,-,-,-
1915,2016-02-01,-,-,-,-,-,-
1916,2016-01-31,-,-,-,-,-,-
1917,2016-01-30,-,-,-,-,-,-
1918,2016-01-29,-,-,-,-,-,-
1919,2016-01-28,-,-,-,-,-,-
1920,2016-01-27,-,-,-,-,-,-
1921,2016-01-26,-,-,-,-,-,-
1922,2016-01-25,-,-,-,-,-,-
1923,2016-01-24,-,-,-,-,-,-
1924,2016-01-23,-,-,-,-,-,-
1925,2016-01-22,-,-,-,-,-,-
1926,2016-01-21,-,-,-,-,-,-
1927,2016-01-20,-,-,-,-,-,-
1928,2016-01-19,-,-,-,-,-,-
1929,2016-01-18,-,-,-,-,-,-
1930,2016-01-17,-,-,-,-,-,-
1931,2016-01-16,-,-,-,-,-,-
1932,2016-01-15,-,-,-,-,-,-
1933,2016-01-14,-,-,-,-,-,-
1934,2016-01-13,-,-,-,-,-,-
1935,2016-01-12,-,-,-,-,-,-
1936,2016-01-11,-,-,-,-,-,-
1937,2016-01-10,-,-,-,-,-,-
1938,2016-01-09,-,-,-,-,-,-
1939,2016-01-08,-,-,-,-,-,-
1940,2016-01-07,-,-,-,-,-,-
1941,2016-01-06,-,-,-,-,-,-
1942,2016-01-05,-,-,-,-,-,-
1943,2016-01-04,-,-,-,-,-,-
1944,2016-01-03,-,-,-,-,-,-
1945,2016-01-02,-,-,-,-,-,-
1946,2016-01-01,-,-,-,-,-,-
1947,2015-12-31,-,-,-,-,-,-
1948,2015-12-30,-,-,-,-,-,-
1949,2015-12-29,-,-,-,-,-,-
1950,2015-12-28,-,-,-,-,-,-
1951,2015-12-27,-,-,-,-,-,-
1952,2015-12-26,-,-,-,-,-,-
1953,2015-12-25,-,-,-,-,-,-
1954,2015-12-24,-,-,-,-,-,-
1955,2015-12-23,-,-,-,-,-,-
1956,2015-12-22,-,-,-,-,-,-
1957,2015-12-21,-,-,-,-,-,-
1958,2015-12-20,-,-,-,-,-,-
1959,2015-12-19,-,-,-,-,-,-
1960,2015-12-18,-,-,-,-,-,-
1961,2015-12-17,-,-,-,-,-,-
1962,2015-12-16,-,-,-,-,-,-
1963,2015-12-15,-,-,-,-,-,-
1964,2015-12-14,-,-,-,-,-,-
1965,2015-12-13,-,-,-,-,-,-
1966,2015-12-12,-,-,-,-,-,-
1967,2015-12-11,-,-,-,-,-,-
1968,2015-12-10,-,-,-,-,-,-
1969,2015-12-09,-,-,-,-,-,-
1970,2015-12-08,-,-,-,-,-,-
1971,2015-12-07,-,-,-,-,-,-
1972,2015-12-06,-,-,-,-,-,-
1973,2015-12-05,-,-,-,-,-,-
1974,2015-12-04,-,-,-,-,-,-
1975,2015-12-03,-,-,-,-,-,-
1976,2015-12-02,-,-,-,-,-,-
1977,2015-12-01,-,-,-,-,-,-
1978,2015-11-30,-,-,-,-,-,-
1979,2015-11-29,-,-,-,-,-,-
1980,2015-11-28,-,-,-,-,-,-
1981,2015-11-27,-,-,-,-,-,-
1982,2015-11-26,-,-,-,-,-,-
1983,2015-11-25,-,-,-,-,-,-
1984,2015-11-24,-,-,-,-,-,-
1985,2015-11-23,-,-,-,-,-,-
1986,2015-11-22,-,-,-,-,-,-
1987,2015-11-21,-,-,-,-,-,-
1988,2015-11-20,-,-,-,-,-,-
1989,2015-11-19,-,-,-,-,-,-
1990,2015-11-18,-,-,-,-,-,-
1991,2015-11-17,-,-,-,-,-,-
1992,2015-11-16,-,-,-,-,-,-
1993,2015-11-15,-,-,-,-,-,-
1994,2015-11-14,-,-,-,-,-,-
1995,2015-11-13,-,-,-,-,-,-
1996,2015-11-12,-,-,-,-,-,-
1997,2015-11-11,-,-,-,-,-,-
1998,2015-11-10,-,-,-,-,-,-
1999,2015-11-09,-,-,-,-,-,-
2000,2015-11-08,-,-,-,-,-,-
2001,2015-11-07,-,-,-,-,-,-
2002,2015-11-06,-,-,-,-,-,-
2003,2015-11-05,-,-,-,-,-,-
2004,2015-11-04,-,-,-,-,-,-
2005,2015-11-03,-,-,-,-,-,-
2006,2015-11-02,-,-,-,-,-,-
2007,2015-11-01,-,-,-,-,-,-
2008,2015-10-31,-,-,-,-,-,-
2009,2015-10-30,-,-,-,-,-,-
2010,2015-10-29,-,-,-,-,-,-
2011,2015-10-28,-,-,-,-,-,-
2012,2015-10-27,-,-,-,-,-,-
2013,2015-10-26,-,-,-,-,-,-
2014,2015-10-25,-,-,-,-,-,-
2015,2015-10-24,-,-,-,-,-,-
2016,2015-10-23,-,-,-,-,-,-
2017,2015-10-22,-,-,-,-,-,-
2018,2015-10-21,-,-,-,-,-,-
2019,2015-10-20,-,-,-,-,-,-
2020,2015-10-19,-,-,-,-,-,-
2021,2015-10-18,-,-,-,-,-,-
2022,2015-10-17,-,-,-,-,-,-
2023,2015-10-16,-,-,-,-,-,-
2024,2015-10-15,-,-,-,-,-,-
2025,2015-10-14,-,-,-,-,-,-
2026,2015-10-13,-,-,-,-,-,-
2027,2015-10-12,-,-,-,-,-,-
2028,2015-10-11,-,-,-,-,-,-
2029,2015-10-10,-,-,-,-,-,-
2030,2015-10-09,-,-,-,-,-,-
2031,2015-10-08,-,-,-,-,-,-
2032,2015-10-07,-,-,-,-,-,-
2033,2015-10-06,-,-,-,-,-,-
2034,2015-10-05,-,-,-,-,-,-
2035,2015-10-04,-,-,-,-,-,-
2036,2015-10-03,-,-,-,-,-,-
2037,2015-10-02,-,-,-,-,-,-
2038,2015-10-01,-,-,-,-,-,-
2039,2015-09-30,-,-,-,-,-,-
2040,2015-09-29,-,-,-,-,-,-
2041,2015-09-28,-,-,-,-,-,-
2042,2015-09-27,-,-,-,-,-,-
2043,2015-09-26,-,-,-,-,-,-
2044,2015-09-25,-,-,-,-,-,-
2045,2015-09-24,-,-,-,-,-,-
2046,2015-09-23,-,-,-,-,-,-
2047,2015-09-22,-,-,-,-,-,-
2048,2015-09-21,-,-,-,-,-,-
2049,2015-09-20,-,-,-,-,-,-
2050,2015-09-19,-,-,-,-,-,-
2051,2015-09-18,-,-,-,-,-,-
2052,2015-09-17,-,-,-,-,-,-
2053,2015-09-16,-,-,-,-,-,-
2054,2015-09-15,-,-,-,-,-,-
2055,2015-09-14,-,-,-,-,-,-
2056,2015-09-13,-,-,-,-,-,-
2057,2015-09-12,-,-,-,-,-,-
2058,2015-09-11,-,-,-,-,-,-
2059,2015-09-10,-,-,-,-,-,-
2060,2015-09-09,-,-,-,-,-,-
2061,2015-09-08,-,-,-,-,-,-
2062,2015-09-07,-,-,-,-,-,-
2063,2015-09-06,-,-,-,-,-,-
2064,2015-09-05,-,-,-,-,-,-
2065,2015-09-04,-,-,-,-,-,-
2066,2015-09-03,-,-,-,-,-,-
2067,2015-09-02,-,-,-,-,-,-
2068,2015-09-01,-,-,-,-,-,-
2069,2015-08-31,-,-,-,-,-,-
2070,2015-08-30,-,-,-,-,-,-
2071,2015-08-29,-,-,-,-,-,-
2072,2015-08-28,-,-,-,-,-,-
2073,2015-08-27,-,-,-,-,-,-
2074,2015-08-26,-,-,-,-,-,-
2075,2015-08-25,-,-,-,-,-,-
2076,2015-08-24,-,-,-,-,-,-
2077,2015-08-23,-,-,-,-,-,-
2078,2015-08-22,-,-,-,-,-,-
2079,2015-08-21,-,-,-,-,-,-
2080,2015-08-20,-,-,-,-,-,-
2081,2015-08-19,-,-,-,-,-,-
2082,2015-08-18,-,-,-,-,-,-
2083,2015-08-17,-,-,-,-,-,-
2084,2015-08-16,-,-,-,-,-,-
2085,2015-08-15,-,-,-,-,-,-
2086,2015-08-14,-,-,-,-,-,-
2087,2015-08-13,-,-,-,-,-,-
2088,2015-08-12,-,-,-,-,-,-
2089,2015-08-11,-,-,-,-,-,-
2090,2015-08-10,-,-,-,-,-,-
2091,2015-08-09,-,-,-,-,-,-
2092,2015-08-08,-,-,-,-,-,-
2093,2015-08-07,-,-,-,-,-,-
2094,2015-08-06,-,-,-,-,-,-
2095,2015-08-05,-,-,-,-,-,-
2096,2015-08-04,-,-,-,-,-,-
2097,2015-08-03,-,-,-,-,-,-
2098,2015-08-02,-,-,-,-,-,-
2099,2015-08-01,-,-,-,-,-,-
2100,2015-07-31,-,-,-,-,-,-
2101,2015-07-30,-,-,-,-,-,-
2102,2015-07-29,-,-,-,-,-,-
2103,2015-07-28,-,-,-,-,-,-
2104,2015-07-27,-,-,-,-,-,-
2105,2015-07-26,-,-,-,-,-,-
2106,2015-07-25,-,-,-,-,-,-
2107,2015-07-24,-,-,-,-,-,-
2108,2015-07-23,-,-,-,-,-,-
2109,2015-07-22,-,-,-,-,-,-
2110,2015-07-21,-,-,-,-,-,-
2111,2015-07-20,-,-,-,-,-,-
2112,2015-07-19,-,-,-,-,-,-
2113,2015-07-18,-,-,-,-,-,-
2114,2015-07-17,-,-,-,-,-,-
2115,2015-07-16,-,-,-,-,-,-
2116,2015-07-15,-,-,-,-,-,-
2117,2015-07-14,-,-,-,-,-,-
2118,2015-07-13,-,-,-,-,-,-
2119,2015-07-12,-,-,-,-,-,-
2120,2015-07-11,-,-,-,-,-,-
2121,2015-07-10,-,-,-,-,-,-
2122,2015-07-09,-,-,-,-,-,-
2123,2015-07-08,-,-,-,-,-,-
2124,2015-07-07,-,-,-,-,-,-
2125,2015-07-06,-,-,-,-,-,-
2126,2015-07-05,-,-,-,-,-,-
2127,2015-07-04,-,-,-,-,-,-
2128,2015-07-03,-,-,-,-,-,-
2129,2015-07-02,-,-,-,-,-,-
2130,2015-07-01,-,-,-,-,-,-
2131,2015-06-30,-,-,-,-,-,-
2132,2015-06-29,-,-,-,-,-,-
2133,2015-06-28,-,-,-,-,-,-
2134,2015-06-27,-,-,-,-,-,-
2135,2015-06-26,-,-,-,-,-,-
2136,2015-06-25,-,-,-,-,-,-
2137,2015-06-24,-,-,-,-,-,-
2138,2015-06-23,-,-,-,-,-,-
2139,2015-06-22,-,-,-,-,-,-
2140,2015-06-21,-,-,-,-,-,-
2141,2015-06-20,-,-,-,-,-,-
2142,2015-06-19,-,-,-,-,-,-
2143,2015-06-18,-,-,-,-,-,-
2144,2015-06-17,-,-,-,-,-,-
2145,2015-06-16,-,-,-,-,-,-
2146,2015-06-15,-,-,-,-,-,-
2147,2015-06-14,-,-,-,-,-,-
2148,2015-06-13,-,-,-,-,-,-
2149,2015-06-12,-,-,-,-,-,-
2150,2015-06-11,-,-,-,-,-,-
2151,2015-06-10,-,-,-,-,-,-
2152,2015-06-09,-,-,-,-,-,-
2153,2015-06-08,-,-,-,-,-,-
2154,2015-06-07,-,-,-,-,-,-
2155,2015-06-06,-,-,-,-,-,-
2156,2015-06-05,-,-,-,-,-,-
2157,2015-06-04,-,-,-,-,-,-
2158,2015-06-03,-,-,-,-,-,-
2159,2015-06-02,-,-,-,-,-,-
2160,2015-06-01,-,-,-,-,-,-
2161,2015-05-31,-,-,-,-,-,-
2162,2015-05-30,-,-,-,-,-,-
2163,2015-05-29,-,-,-,-,-,-
2164,2015-05-28,-,-,-,-,-,-
2165,2015-05-27,-,-,-,-,-,-
2166,2015-05-26,-,-,-,-,-,-
2167,2015-05-25,-,-,-,-,-,-
2168,2015-05-24,-,-,-,-,-,-
2169,2015-05-23,-,-,-,-,-,-
2170,2015-05-22,-,-,-,-,-,-
2171,2015-05-21,-,-,-,-,-,-
2172,2015-05-20,-,-,-,-,-,-
2173,2015-05-19,-,-,-,-,-,-
2174,2015-05-18,-,-,-,-,-,-
2175,2015-05-17,-,-,-,-,-,-
2176,2015-05-16,-,-,-,-,-,-
2177,2015-05-15,-,-,-,-,-,-
2178,2015-05-14,-,-,-,-,-,-
2179,2015-05-13,-,-,-,-,-,-
2180,2015-05-12,-,-,-,-,-,-
2181,2015-05-11,-,-,-,-,-,-
2182,2015-05-10,-,-,-,-,-,-
2183,2015-05-09,-,-,-,-,-,-
2184,2015-05-08,-,-,-,-,-,-
2185,2015-05-07,-,-,-,-,-,-
2186,2015-05-06,-,-,-,-,-,-
2187,2015-05-05,-,-,-,-,-,-
2188,2015-05-04,-,-,-,-,-,-
2189,2015-05-03,-,-,-,-,-,-
2190,2015-05-02,-,-,-,-,-,-
2191,2015-05-01,-,-,-,-,-,-
2192,2015-04-30,-,-,-,-,-,-
2193,2015-04-29,-,-,-,-,-,-
2194,2015-04-28,-,-,-,-,-,-
2195,2015-04-27,-,-,-,-,-,-
2196,2015-04-26,-,-,-,-,-,-
2197,2015-04-25,-,-,-,-,-,-
2198,2015-04-24,-,-,-,-,-,-
2199,2015-04-23,-,-,-,-,-,-
2200,2015-04-22,-,-,-,-,-,-
2201,2015-04-21,-,-,-,-,-,-
2202,2015-04-20,-,-,-,-,-,-
2203,2015-04-19,-,-,-,-,-,-
2204,2015-04-18,-,-,-,-,-,-
2205,2015-04-17,-,-,-,-,-,-
2206,2015-04-16,-,-,-,-,-,-
2207,2015-04-15,-,-,-,-,-,-
2208,2015-04-14,-,-,-,-,-,-
2209,2015-04-13,-,-,-,-,-,-
2210,2015-04-12,-,-,-,-,-,-
2211,2015-04-11,-,-,-,-,-,-
2212,2015-04-10,-,-,-,-,-,-
2213,2015-04-09,-,-,-,-,-,-
2214,2015-04-08,-,-,-,-,-,-
2215,2015-04-07,-,-,-,-,-,-
2216,2015-04-06,-,-,-,-,-,-
2217,2015-04-05,-,-,-,-,-,-
2218,2015-04-04,-,-,-,-,-,-
2219,2015-04-03,-,-,-,-,-,-
2220,2015-04-02,-,-,-,-,-,-
2221,2015-04-01,-,-,-,-,-,-
2222,2015-03-31,-,-,-,-,-,-
2223,2015-03-30,-,-,-,-,-,-
2224,2015-03-29,-,-,-,-,-,-
2225,2015-03-28,-,-,-,-,-,-
2226,2015-03-27,-,-,-,-,-,-
2227,2015-03-26,-,-,-,-,-,-
2228,2015-03-25,-,-,-,-,-,-
2229,2015-03-24,-,-,-,-,-,-
2230,2015-03-23,-,-,-,-,-,-
2231,2015-03-22,-,-,-,-,-,-
2232,2015-03-21,-,-,-,-,-,-
2233,2015-03-20,-,-,-,-,-,-
2234,2015-03-19,-,-,-,-,-,-
2235,2015-03-18,-,-,-,-,-,-
2236,2015-03-17,-,-,-,-,-,-
2237,2015-03-16,-,-,-,-,-,-
2238,2015-03-15,-,-,-,-,-,-
2239,2015-03-14,-,-,-,-,-,-
2240,2015-03-13,-,-,-,-,-,-
2241,2015-03-12,-,-,-,-,-,-
2242,2015-03-11,-,-,-,-,-,-
2243,2015-03-10,-,-,-,-,-,-
2244,2015-03-09,-,-,-,-,-,-
2245,2015-03-08,-,-,-,-,-,-
2246,2015-03-07,-,-,-,-,-,-
2247,2015-03-06,-,-,-,-,-,-
2248,2015-03-05,-,-,-,-,-,-
2249,2015-03-04,-,-,-,-,-,-
2250,2015-03-03,-,-,-,-,-,-
2251,2015-03-02,-,-,-,-,-,-
2252,2015-03-01,-,-,-,-,-,-
2253,2015-02-28,-,-,-,-,-,-
2254,2015-02-27,-,-,-,-,-,-
2255,2015-02-26,-,-,-,-,-,-
2256,2015-02-25,-,-,-,-,-,-
2257,2015-02-24,-,-,-,-,-,-
2258,2015-02-23,-,-,-,-,-,-
2259,2015-02-22,-,-,-,-,-,-
2260,2015-02-21,-,-,-,-,-,-
2261,2015-02-20,-,-,-,-,-,-
2262,2015-02-19,-,-,-,-,-,-
2263,2015-02-18,-,-,-,-,-,-
2264,2015-02-17,-,-,-,-,-,-
2265,2015-02-16,-,-,-,-,-,-
2266,2015-02-15,-,-,-,-,-,-
2267,2015-02-14,-,-,-,-,-,-
2268,2015-02-13,-,-,-,-,-,-
2269,2015-02-12,-,-,-,-,-,-
2270,2015-02-11,-,-,-,-,-,-
2271,2015-02-10,-,-,-,-,-,-
2272,2015-02-09,-,-,-,-,-,-
2273,2015-02-08,-,-,-,-,-,-
2274,2015-02-07,-,-,-,-,-,-
2275,2015-02-06,-,-,-,-,-,-
2276,2015-02-05,-,-,-,-,-,-
2277,2015-02-04,-,-,-,-,-,-
2278,2015-02-03,-,-,-,-,-,-
2279,2015-02-02,-,-,-,-,-,-
2280,2015-02-01,-,-,-,-,-,-
2281,2015-01-31,-,-,-,-,-,-
2282,2015-01-30,-,-,-,-,-,-
2283,2015-01-29,-,-,-,-,-,-
2284,2015-01-28,-,-,-,-,-,-
2285,2015-01-27,-,-,-,-,-,-
2286,2015-01-26,-,-,-,-,-,-
2287,2015-01-25,-,-,-,-,-,-
2288,2015-01-24,-,-,-,-,-,-
2289,2015-01-23,-,-,-,-,-,-
2290,2015-01-22,-,-,-,-,-,-
2291,2015-01-21,-,-,-,-,-,-
2292,2015-01-20,-,-,-,-,-,-
2293,2015-01-19,-,-,-,-,-,-
2294,2015-01-18,-,-,-,-,-,-
2295,2015-01-17,-,-,-,-,-,-
2296,2015-01-16,-,-,-,-,-,-
2297,2015-01-15,-,-,-,-,-,-
2298,2015-01-14,-,-,-,-,-,-
2299,2015-01-13,-,-,-,-,-,-
2300,2015-01-12,-,-,-,-,-,-
2301,2015-01-11,-,-,-,-,-,-
2302,2015-01-10,-,-,-,-,-,-
2303,2015-01-09,-,-,-,-,-,-
2304,2015-01-08,-,-,-,-,-,-
2305,2015-01-07,-,-,-,-,-,-
2306,2015-01-06,-,-,-,-,-,-
2307,2015-01-05,-,-,-,-,-,-
2308,2015-01-04,-,-,-,-,-,-
2309,2015-01-03,-,-,-,-,-,-
2310,2015-01-02,-,-,-,-,-,-
2311,2015-01-01,-,-,-,-,-,-
2312,2014-12-31,-,-,-,-,-,-
2313,2014-12-30,-,-,-,-,-,-
2314,2014-12-29,-,-,-,-,-,-
2315,2014-12-28,-,-,-,-,-,-
2316,2014-12-27,-,-,-,-,-,-
2317,2014-12-26,-,-,-,-,-,-
2318,2014-12-25,89,-,-,-,-,-
2319,2014-12-24,103,-,-,-,-,-
2320,2014-12-23,94,-,-,-,-,-
2321,2014-12-22,104,89,89,89,89,89
2322,2014-12-21,83,103,103,103,103,103
2323,2014-12-20,43,94,94,94,94,94
2324,2014-12-19,75,104,104,104,104,104
2325,2014-12-18,75,83,83,83,83,83
2326,2014-12-17,96,43,43,43,43,43
2327,2014-12-16,106,75,75,75,75,75
2328,2014-12-15,109,75,75,75,75,75
2329,2014-12-14,123,96,96,96,96,96
2330,2014-12-13,-,106,106,106,106,106
2331,2014-12-12,28,109,109,109,109,109
2332,2014-12-11,38,123,123,123,123,123
2333,2014-12-10,-,-,-,-,-,-
2334,2014-12-09,-,28,28,28,28,28
2335,2014-12-08,-,38,38,38,38,38
2336,2014-12-07,-,-,-,-,-,-
2337,2014-12-06,-,-,-,-,-,-
2338,2014-12-05,-,-,-,-,-,-
2339,2014-12-04,-,-,-,-,-,-
2340,2014-12-03,-,-,-,-,-,-
2341,2014-12-02,-,-,-,-,-,-
2342,2014-12-01,-,-,-,-,-,-
2343,2014-11-30,-,-,-,-,-,-
2344,2014-11-29,-,-,-,-,-,-
2345,2014-11-28,-,-,-,-,-,-
2346,2014-11-27,-,-,-,-,-,-
2347,2014-11-26,-,-,-,-,-,-
2348,2014-11-25,-,-,-,-,-,-
2349,2014-11-24,127,-,-,-,-,-
2350,2014-11-23,105,-,-,-,-,-
2351,2014-11-22,75,-,-,-,-,-
2352,2014-11-21,117,127,127,127,127,127
2353,2014-11-20,109,105,105,105,105,105
2354,2014-11-19,72,75,75,75,75,75
2355,2014-11-18,90,117,117,117,117,117
2356,2014-11-17,110,109,109,109,109,109
2357,2014-11-16,158,72,72,72,72,72
2358,2014-11-15,121,90,90,90,90,90
2359,2014-11-14,99,110,110,110,110,110
2360,2014-11-13,85,158,158,158,158,158
2361,2014-11-12,94,121,121,121,121,121
2362,2014-11-11,94,99,99,99,99,99
2363,2014-11-10,111,85,85,85,85,85
2364,2014-11-09,103,94,94,94,94,94
2365,2014-11-08,106,94,94,94,94,94
2366,2014-11-07,59,111,111,111,111,111
2367,2014-11-06,75,103,103,103,103,103
2368,2014-11-05,133,106,106,106,106,106
2369,2014-11-04,103,59,59,59,59,59
2370,2014-11-03,87,75,75,75,75,75
2371,2014-11-02,130,133,133,133,133,133
2372,2014-11-01,117,103,103,103,103,103
2373,2014-10-31,146,87,87,87,87,87
2374,2014-10-30,173,130,130,130,130,130
2375,2014-10-29,160,117,117,117,117,117
2376,2014-10-28,132,146,146,146,146,146
2377,2014-10-27,104,173,173,173,173,173
2378,2014-10-26,81,160,160,160,160,160
2379,2014-10-25,94,132,132,132,132,132
2380,2014-10-24,47,104,104,104,104,104
2381,2014-10-23,50,81,81,81,81,81
2382,2014-10-22,59,94,94,94,94,94
2383,2014-10-21,86,47,47,47,47,47
2384,2014-10-20,108,50,50,50,50,50
2385,2014-10-19,-,59,59,59,59,59
2386,2014-10-18,-,86,86,86,86,86
2387,2014-10-17,-,108,108,108,108,108
2388,2014-10-16,-,-,-,-,-,-
2389,2014-10-15,-,-,-,-,-,-
2390,2014-10-14,-,-,-,-,-,-
2391,2014-10-13,-,-,-,-,-,-
2392,2014-10-12,-,-,-,-,-,-
2393,2014-10-11,-,-,-,-,-,-
2394,2014-10-10,-,-,-,-,-,-
2395,2014-10-09,-,-,-,-,-,-
2396,2014-10-08,-,-,-,-,-,-
2397,2014-10-07,-,-,-,-,-,-
2398,2014-10-06,-,-,-,-,-,-
2399,2014-10-05,-,-,-,-,-,-
2400,2014-10-04,118,-,-,-,-,-
2401,2014-10-03,100,-,-,-,-,-
2402,2014-10-02,85,-,-,-,-,-
2403,2014-10-01,108,118,118,118,118,118
2404,2014-09-30,84,100,100,100,100,100
2405,2014-09-29,-,85,85,85,85,85
2406,2014-09-28,94,108,108,108,108,108
2407,2014-09-27,94,84,84,84,84,84
2408,2014-09-26,63,-,-,-,-,-
2409,2014-09-25,86,94,94,94,94,94
2410,2014-09-24,119,94,94,94,94,94
2411,2014-09-23,92,63,63,63,63,63
2412,2014-09-22,95,86,86,86,86,86
2413,2014-09-21,57,119,119,119,119,119
2414,2014-09-20,54,92,92,92,92,92
2415,2014-09-19,71,95,95,95,95,95
2416,2014-09-18,90,57,57,57,57,57
2417,2014-09-17,55,54,54,54,54,54
2418,2014-09-16,73,71,71,71,71,71
2419,2014-09-15,80,90,90,90,90,90
2420,2014-09-14,85,55,55,55,55,55
2421,2014-09-13,110,73,73,73,73,73
2422,2014-09-12,96,80,80,80,80,80
2423,2014-09-11,53,85,85,85,85,85
2424,2014-09-10,-,110,110,110,110,110
2425,2014-09-09,-,96,96,96,96,96
2426,2014-09-08,80,53,53,53,53,53
2427,2014-09-07,83,-,-,-,-,-
2428,2014-09-06,114,-,-,-,-,-
2429,2014-09-05,92,80,80,80,80,80
2430,2014-09-04,48,83,83,83,83,83
2431,2014-09-03,46,114,114,114,114,114
2432,2014-09-02,67,92,92,92,92,92
2433,2014-09-01,59,48,48,48,48,48
2434,2014-08-31,79,46,46,46,46,46
2435,2014-08-30,64,67,67,67,67,67
2436,2014-08-29,-,59,59,59,59,59
2437,2014-08-28,-,79,79,79,79,79
2438,2014-08-27,69,64,64,64,64,64
2439,2014-08-26,64,-,-,-,-,-
2440,2014-08-25,71,-,-,-,-,-
2441,2014-08-24,76,69,69,69,69,69
2442,2014-08-23,105,64,64,64,64,64
2443,2014-08-22,101,71,71,71,71,71
2444,2014-08-21,101,76,76,76,76,76
2445,2014-08-20,113,105,105,105,105,105
2446,2014-08-19,177,101,101,101,101,101
2447,2014-08-18,92,101,101,101,101,101
2448,2014-08-17,92,113,113,113,113,113
2449,2014-08-16,106,177,177,177,177,177
2450,2014-08-15,126,92,92,92,92,92
2451,2014-08-14,141,92,92,92,92,92
2452,2014-08-13,-,106,106,106,106,106
2453,2014-08-12,-,126,126,126,126,126
2454,2014-08-11,-,141,141,141,141,141
2455,2014-08-10,-,-,-,-,-,-
2456,2014-08-09,-,-,-,-,-,-
2457,2014-08-08,-,-,-,-,-,-
2458,2014-08-07,-,-,-,-,-,-
2459,2014-08-06,117,-,-,-,-,-
2460,2014-08-05,122,-,-,-,-,-
2461,2014-08-04,97,-,-,-,-,-
2462,2014-08-03,111,117,117,117,117,117
2463,2014-08-02,118,122,122,122,122,122
2464,2014-08-01,151,97,97,97,97,97
2465,2014-07-31,162,111,111,111,111,111
2466,2014-07-30,115,118,118,118,118,118
2467,2014-07-29,105,151,151,151,151,151
2468,2014-07-28,125,162,162,162,162,162
2469,2014-07-27,89,115,115,115,115,115
2470,2014-07-26,116,105,105,105,105,105
2471,2014-07-25,116,125,125,125,125,125
2472,2014-07-24,158,89,89,89,89,89
2473,2014-07-23,136,116,116,116,116,116
2474,2014-07-22,126,116,116,116,116,116
2475,2014-07-21,134,158,158,158,158,158
2476,2014-07-20,88,136,136,136,136,136
2477,2014-07-19,131,126,126,126,126,126
2478,2014-07-18,155,134,134,134,134,134
2479,2014-07-17,124,88,88,88,88,88
2480,2014-07-16,101,131,131,131,131,131
2481,2014-07-15,78,155,155,155,155,155
2482,2014-07-14,110,124,124,124,124,124
2483,2014-07-13,134,101,101,101,101,101
2484,2014-07-12,110,78,78,78,78,78
2485,2014-07-11,101,110,110,110,110,110
2486,2014-07-10,108,134,134,134,134,134
2487,2014-07-09,133,110,110,110,110,110
2488,2014-07-08,93,101,101,101,101,101
2489,2014-07-07,117,108,108,108,108,108
2490,2014-07-06,106,133,133,133,133,133
2491,2014-07-05,85,93,93,93,93,93
2492,2014-07-04,85,117,117,117,117,117
2493,2014-07-03,73,106,106,106,106,106
2494,2014-07-02,95,85,85,85,85,85
2495,2014-07-01,108,85,85,85,85,85
2496,2014-06-30,105,73,73,73,73,73
2497,2014-06-29,104,95,95,95,95,95
2498,2014-06-28,99,108,108,108,108,108
2499,2014-06-27,96,105,105,105,105,105
2500,2014-06-26,137,104,104,104,104,104
2501,2014-06-25,119,99,99,99,99,99
2502,2014-06-24,147,96,96,96,96,96
2503,2014-06-23,147,137,137,137,137,137
2504,2014-06-22,164,119,119,119,119,119
2505,2014-06-21,138,147,147,147,147,147
2506,2014-06-20,148,147,147,147,147,147
2507,2014-06-19,154,164,164,164,164,164
2508,2014-06-18,107,138,138,138,138,138
2509,2014-06-17,75,148,148,148,148,148
2510,2014-06-16,113,154,154,154,154,154
2511,2014-06-15,104,107,107,107,107,107
2512,2014-06-14,88,75,75,75,75,75
2513,2014-06-13,93,113,113,113,113,113
2514,2014-06-12,107,104,104,104,104,104
2515,2014-06-11,107,88,88,88,88,88
2516,2014-06-10,126,93,93,93,93,93
2517,2014-06-09,106,107,107,107,107,107
2518,2014-06-08,96,107,107,107,107,107
2519,2014-06-07,111,126,126,126,126,126
2520,2014-06-06,110,106,106,106,106,106
2521,2014-06-05,106,96,96,96,96,96
2522,2014-06-04,96,111,111,111,111,111
2523,2014-06-03,94,110,110,110,110,110
2524,2014-06-02,109,106,106,106,106,106
2525,2014-06-01,109,96,96,96,96,96
2526,2014-05-31,111,94,94,94,94,94
2527,2014-05-30,118,109,109,109,109,109
2528,2014-05-29,105,109,109,109,109,109
2529,2014-05-28,91,111,111,111,111,111
2530,2014-05-27,136,118,118,118,118,118
2531,2014-05-26,165,105,105,105,105,105
2532,2014-05-25,121,91,91,91,91,91
2533,2014-05-24,106,136,136,136,136,136
2534,2014-05-23,166,165,165,165,165,165
2535,2014-05-22,158,121,121,121,121,121
2536,2014-05-21,162,106,106,106,106,106
2537,2014-05-20,160,166,166,166,166,166
2538,2014-05-19,139,158,158,158,158,158
2539,2014-05-18,107,162,162,162,162,162
2540,2014-05-17,90,160,160,160,160,160
2541,2014-05-16,97,139,139,139,139,139
2542,2014-05-15,125,107,107,107,107,107
2543,2014-05-14,153,90,90,90,90,90
2544,2014-05-13,132,97,97,97,97,97
2545,2014-05-12,138,125,125,125,125,125
2546,2014-05-11,160,153,153,153,153,153
2547,2014-05-10,147,132,132,132,132,132
2548,2014-05-09,121,138,138,138,138,138
2549,2014-05-08,157,160,160,160,160,160
2550,2014-05-07,117,147,147,147,147,147
2551,2014-05-06,124,121,121,121,121,121
2552,2014-05-05,146,157,157,157,157,157
2553,2014-05-04,131,117,117,117,117,117
2554,2014-05-03,115,124,124,124,124,124
2555,2014-05-02,122,146,146,146,146,146
2556,2014-05-01,118,131,131,131,131,131
2557,2014-04-30,133,115,115,115,115,115
2558,2014-04-29,132,122,122,122,122,122
2559,2014-04-28,131,118,118,118,118,118
2560,2014-04-27,104,133,133,133,133,133
2561,2014-04-26,101,132,132,132,132,132
2562,2014-04-25,122,131,131,131,131,131
2563,2014-04-24,134,104,104,104,104,104
2564,2014-04-23,101,101,101,101,101,101
2565,2014-04-22,101,122,122,122,122,122
2566,2014-04-21,94,134,134,134,134,134
2567,2014-04-20,84,101,101,101,101,101
2568,2014-04-19,84,101,101,101,101,101
2569,2014-04-18,99,94,94,94,94,94
2570,2014-04-17,81,84,84,84,84,84
2571,2014-04-16,120,84,84,84,84,84
2572,2014-04-15,125,99,99,99,99,99
2573,2014-04-14,127,81,81,81,81,81
2574,2014-04-13,159,120,120,120,120,120
2575,2014-04-12,183,125,125,125,125,125
2576,2014-04-11,154,127,127,127,127,127
2577,2014-04-10,168,159,159,159,159,159
2578,2014-04-09,187,183,183,183,183,183
2579,2014-04-08,209,154,154,154,154,154
2580,2014-04-07,182,168,168,168,168,168
2581,2014-04-06,125,187,187,187,187,187
2582,2014-04-05,128,209,209,209,209,209
2583,2014-04-04,147,182,182,182,182,182
2584,2014-04-03,161,125,125,125,125,125
2585,2014-04-02,160,128,128,128,128,128
2586,2014-04-01,145,147,147,147,147,147
2587,2014-03-31,148,161,161,161,161,161
2588,2014-03-30,133,160,160,160,160,160
2589,2014-03-29,154,145,145,145,145,145
2590,2014-03-28,140,148,148,148,148,148
2591,2014-03-27,-,133,133,133,133,133
2592,2014-03-26,-,154,154,154,154,154
2593,2014-03-25,186,140,140,140,140,140
2594,2014-03-24,227,-,-,-,-,-
2595,2014-03-23,253,-,-,-,-,-
2596,2014-03-22,-,186,186,186,186,186
2597,2014-03-21,188,227,227,227,227,227
2598,2014-03-20,167,253,253,253,253,253
2599,2014-03-19,163,-,-,-,-,-
2600,2014-03-18,165,188,188,188,188,188
2601,2014-03-17,189,167,167,167,167,167
2602,2014-03-16,206,163,163,163,163,163
2603,2014-03-15,150,165,165,165,165,165
2604,2014-03-14,133,189,189,189,189,189
2605,2014-03-13,162,206,206,206,206,206
2606,2014-03-12,171,150,150,150,150,150
2607,2014-03-11,179,133,133,133,133,133
2608,2014-03-10,191,162,162,162,162,162
2609,2014-03-09,194,171,171,171,171,171
2610,2014-03-08,199,179,179,179,179,179
2611,2014-03-07,-,191,191,191,191,191
2612,2014-03-06,179,194,194,194,194,194
2613,2014-03-05,180,199,199,199,199,199
2614,2014-03-04,183,-,-,-,-,-
2615,2014-03-03,166,179,179,179,179,179
2616,2014-03-02,183,180,180,180,180,180
2617,2014-03-01,181,183,183,183,183,183
2618,2014-02-28,167,166,166,166,166,166
2619,2014-02-27,153,183,183,183,183,183
2620,2014-02-26,154,181,181,181,181,181
2621,2014-02-25,164,167,167,167,167,167
2622,2014-02-24,,153,153,153,153,153
2623,2014-02-23,,154,154,154,154,154
2624,2014-02-22,,164,164,164,164,164
2625,2014-02-21,,,,,,
2626,2014-02-20,,,,,,
2627,2014-02-19,,,,,,
2628,2014-02-18,,,,,,
2629,2014-02-17,,,,,,
2630,2014-02-16,,,,,,
2631,2014-02-15,,,,,,
2632,2014-02-14,,,,,,
2633,2014-02-13,,,,,,
2634,2014-02-12,,,,,,
2635,2014-02-11,,,,,,
2636,2014-02-10,,,,,,
2637,2014-02-09,,,,,,
2638,2014-02-08,,,,,,
2639,2014-02-07,,,,,,
2640,2014-02-06,,,,,,
2641,2014-02-05,,,,,,
2642,2014-02-04,,,,,,
2643,2014-02-03,,,,,,
2644,2014-02-02,,,,,,
2645,2014-02-01,,,,,,
2646,2014-01-31,,,,,,
2647,2014-01-30,,,,,,
2648,2014-01-29,,,,,,
2649,2014-01-28,,,,,,
2650,2014-01-27,,,,,,
2651,2014-01-26,,,,,,
2652,2014-01-25,,,,,,
2653,2014-01-24,,,,,,
2654,2014-01-23,,,,,,
2655,2014-01-22,,,,,,
2656,2014-01-21,,,,,,
2657,2014-01-20,,,,,,
2658,2014-01-19,,,,,,
2659,2014-01-18,,,,,,
2660,2014-01-17,,,,,,
2661,2014-01-16,,,,,,
2662,2014-01-15,,,,,,
2663,2014-01-14,,,,,,
2664,2014-01-13,,,,,,
2665,2014-01-12,,,,,,
2666,2014-01-11,,,,,,
2667,2014-01-10,,,,,,
2668,2014-01-09,,,,,,
2669,2014-01-08,,,,,,
2670,2014-01-07,,,,,,
2671,2014-01-06,,,,,,
2672,2014-01-05,,,,,,
2673,2014-01-04,,,,,,
2674,2014-01-03,,,,,,
2675,2014-01-02,,,,,,
2676,2014-01-01,,,,,,
